﻿Page ID,Page name,Disclaimer,Amount spent (IDR)
23383061178,Prabowo Subianto,indonesia Adil makmur,341473
155410797657814,TPN Ganjar Mahfud,TPN Ganjar Mahfud,33705
232314281043677,Kita Sayang Pakde,Kita Sayang Pakde,26944
333711983956998,Erwin Aksa,Yayasan Golkar Institute SPKP,20956
101804639078770,Unboxing Anies,Unboxing Anies,19795
512463078819638,Susilo Bambang Yudhoyono,Demokrat S14P,15637
101350709331663,Golkar 2024,Yayasan Golkar Institut SPKP,13700
103301445622409,Aksi Tanggap Anies,Aksi Tanggap Anies,9943
110799152010497,Prabowo Lanjutkan Kepemimpinan,Prabowo Lanjutkan Kepemimpinan,9415
115393051548058,Gibran Pemimpin Muda,Gibran Pemimpin Muda,8496
108886812166688,Pemilu.AI,Pemilu.AI,7767
164909433966316,Suara Anies,Suara Anies,7374
145809905283263,Ganjar & Mahfud Menangkan 2024,Gantari,6185
112933368540291,Pilih Anies,Pilih Anies,5938
111864151754055,Esensi TV,Esensi Tv,5758
110412065272851,Saring Daring University Challenge Indonesia,Saring Daring University Challenge Indonesia,4053
104054595928021,Bakti Untuk Rakyat,Bakti Untuk Rakyat,3890
102213799392946,Pendekar Kedelapan,Pendekar Kedelapan,3736
111281922075342,Politik Wakanda,wakandaforever,3509
108156498584853,Tetap Puan,Marabunta Family Cyber,3326
187705254417023,Kabar Bawaslu RI,badan amil zakat,3008
101679818973699,Sahabat Ganjar Pranowo,Sahabat Ganjar Pranowo,2668
1670021609876183,Ganjar Pranowo,Ganjar Gaspol,2522
105220035562924,Partai Garuda,Partai Garuda,2341
117462941218975,Tura Magic,These ads ran without a disclaimer,2267
197545083607941,Harian Kompas,Harian Kompas,2260
107842232306666,Wakandanomics,Wakandanomics,2238
193237974052689,Partai Keadilan Sejahtera,Partai Keadilan Sejahtera,2225
100649018546817,GanjarFans,GanjarFans,2156
134573749737741,Nur Azizah Tamhid,Nur Azizah Tamhid,1977
572779142753263,Freeport Indonesia,Freeport Indonesia,1710
101228692503239,Opini Publik,Opini Publik,1660
108336788172462,Buatinproject,Buatinproject,1503
109455838815878,Moveprenuere,Moveprenuere,1404
618096792176140,Wakil Rakyat Kita,Wakil Rakyat Kita,1262
256838011014355,Partai Gerakan Indonesia Raya (Gerindra),Partai Gerindra,1176
101670979099537,OverheardKonoha,OverheardKonoha,1051
1559901027613381,TRT World,These ads ran without a disclaimer,978
112284105270225,Kawan Anies,Kawan Anies,964
113611098398764,Persepsi Politik,Persepsi Politik,929
128035573736287,kisah nyata hidup saya,These ads ran without a disclaimer,873
102735702350673,Publikberhaktau,Publikberhaktau,855
165974573263430,kisah nyata saya,These ads ran without a disclaimer,850
117056281390180,Miftach - Qahwa Digital,Miftach - Qahwa Digital,773
101760624522103,DPP Banteng Muda Indonesia,DPP Banteng Muda Indonesia,750
1419236281714929,Andrei Angouw,Andrei Angouw,742
156037660928714,Ibu Jawina Rusmawati,These ads ran without a disclaimer,716
113100505180549,Home Racik Digital,Home Racik Digital,715
329230813824422,Slamet Sukardi,Slamet Sukardi,707
111100960716671,Gede Ngurah Ambara Putra,These ads ran without a disclaimer,571
349963858704476,Komit Digital,Komit Digital,558
118734481202493,Prihati Utami,Prihati Utami,550
131954810012066,Rans Entertain,These ads ran without a disclaimer,520
320858334728047,Partai Solidaritas Indonesia,Partai Solidaritas Indonesia,507
145857005278565,Mikir Nyet,Mikir Nyet,498
807559516049844,Ravindra Airlangga,Veracity Data Indonesia,494
1798435720478073,新華香港,These ads ran without a disclaimer,465
444183095974563,Validnews Indonesia,Validnews Indonesia,427
106919112303644,Jasa Pembuatan Video,Jasa Pembuatan Video,421
160355148441,Tempo Media,Tempo Media,415
108705558596782,Makassar berteman,Berita Kota,413
114236735076682,Jagoan Rakyat,Jagoan Rakyat,409
137800742756256,Ensiklopolitik,Ensiklopolitik,396
39253583478,PDI Perjuangan,PDI Perjuangan,390
211489955729025,KompasData,Harian Kompas (PT Kompas Media Nusantara),389
114012201650176,Fakta Terselubung,Fakta Terselubung,341
169449386248481,Sobat Calon Legislatif,SOBAT CALON LEGISLATIF,338
113967158436873,Menyimak Fakta,Menyimak Fakta,334
112570091503539,GP Papua,Ganjar Nusantara Indonesia,322
183640594826181,Hembusan Kemenangan,Gantari,321
107090909076771,Lembar Suara,Lembar Suara,320
110923324922683,Mas Wisnu Wijaya,Mas Wisnu Wijaya,305
103330282779367,Dua Digits Creative,Dua Digits Creative,294
107160182483749,Prabowo 2024,Infobox Media Indonesia,282
106918395489616,Golkar Institute SPKP,Yayasan Golkar Institut SPKP,280
182838371753157,Anies Baswedan,aminkan indonesia,276
154759824395744,Bandung Berkobar,Gantari,272
163039033565921,Makassar Bersuara,Gantari,249
113479654874636,Alfarnur Design,Alfarnur Design,249
112648048564271,Senja Marketing,Senja Marketing,247
115816131581858,Home Racik Digital,Home Racik Creative,247
215455391830431,OCBC,These ads ran without a disclaimer,246
101380126198333,Bias Politik,Bias Politik,232
102060486500863,The Jakarta Post,PT. Bina Media Tenggara,230
103626417658298,Kajitow Elkayeni,Kajitow Elkayeni,217
109799185332415,Rumahkaos,Rumahkaos,209
110621438530206,Ongku P. Hasibuan,Ongku P. Hasibuan,196
110314634068233,Fadilah Bisnis,Fadilah Bisnis,193
2120079798027891,opsintb.com,opsintb.com,178
188107384380354,Gotong Royong Rakyat,Yayasan Dompet Gotong Royong Rakyat,176
678421075696415,Giring Ganesha,Partai Solidaritas Indonesia,156
168497383002681,"Apt. Nada Harashti, S.Farm",Nada Harashti,150
167391273128618,Sharif Cicip Sutardjo,Veracity Data Indonesia,147
101467788192176,DPC TMP Asahan,DPC TMP Asahan,142
106084645486065,Cakradata Indonesia,Cakradata,135
155341737670398,Millie Lukito,KSTV - Kilisuci Televisi,134
431869737011234,Tentang Golkar,Tentang Golkar,120
115762614955219,ThemeKit,ThemeKit,117
1769156060058667,Vasko Ruseimy,Vasko Ruseimy,106
316021801867299,KH. Abdul Hakim,dauman quran,105
335546226915564,Generasi Melek Politik,Generasi Melek Politik,102
105195318523911,Buatinvideo,buatinvideo,≤100
106511855302020,Publik Bertopeng,Publik Bertopeng,≤100
109153985595326,Dulur Ei Nurul Khotimah,Dulur Ei Nurul Khotimah,≤100
156445445167741,Coaction Indonesia,These ads ran without a disclaimer,≤100
121302717564941,Vitasma Madu Indonesia,These ads ran without a disclaimer,≤100
100481941865438,Koncone M. Ali Wafa,Koncone M. Ali Wafa,≤100
183422821517059,INFO DANA KUR USAHA,These ads ran without a disclaimer,≤100
756567881057213,Airlangga Hartarto,Airlangga Hartarto,≤100
165959143271513,Medan Bersatu,Gantari,≤100
102316806137906,Sahabat Lucky Perdana,Sahabat Lucky Perdana,≤100
129288536933853,Permata 08,Permata 08,≤100
144214102401186,Maman Abdurrahman,Mantra Institute,≤100
351715015373466,Hilal Al Faruk,Hilal Al Faruk,≤100
102213799392946,Pendekar Kedelapan,These ads ran without a disclaimer,≤100
129588235490,SMART FM,SMART FM,≤100
108604721871287,Tajuk Politik,Tajuk Politik,≤100
160355148441,Tempo Media,TEMPO,≤100
106369021821580,Partai Buruh,Partai Buruh,≤100
153022218082084,Kementerian PPN/Bappenas,Kementerian PPN/Bappenas,≤100
1590142214577386,Intsiawati Ayus,Intsiawati Ayus,≤100
101476849398851,Legal Menjadi Pengaruh,These ads ran without a disclaimer,≤100
106253264560859,Air Kami,Air Kami,≤100
123838877481365,Gerilya 08,Gerilya 08,≤100
108281782089505,Intsiawati Ayus,Intsiawati Ayus,≤100
131954143345821,program dana hibah,These ads ran without a disclaimer,≤100
111903738610191,dinaspukotamedan,These ads ran without a disclaimer,≤100
114677604961476,PKS Kabupaten Bogor,PKS Kabupaten Bogor,≤100
615278595537091,SimCaleg - Aplikasi Pemilihan Legislatif,SimCaleg - Aplikasi Pemilihan Legislatif,≤100
105851135846848,Teuku Syahrizal,Teuku Syahrizal,≤100
160174603838964,Jalur Aspirasi,Jalur Aspirasi,≤100
106351318995009,Qyawdian Silalahi,These ads ran without a disclaimer,≤100
103814734566450,Eddy Berutu,Eddy Berutu,≤100
178235082039116,"H Sutriyono, S.pd, M.si",Sutriyono Gelora,≤100
165114026832502,Grace Natalie,Partai Solidaritas Indonesia,≤100
108194208782277,Digital Branding,Digital Branding,≤100
114682028316787,Ganjar minang,Ganjar minang,≤100
102980052048437,Nasihat Anis Matta,Nasihat Anis Matta,≤100
104948061011963,Alexander Wilyo - AW,Alexander Wilyo - AW,≤100
101203454841155,Kota Kite,Kota Kite,≤100
102932819519232,Jabar ya ganjar,Jabar ya ganjar,≤100
642601049236984,Tung Desem Waringin,These ads ran without a disclaimer,≤100
116536448134536,Kaltim tetap ganjar,Kaltim tetap ganjar,≤100
108132042285089,Erwin Aksa,PT INFOBOX MEDIA INDONESIA,≤100
109598844848650,Gudang kaos,These ads ran without a disclaimer,≤100
116153991516577,Riau pilih ganjar,Riau pilih ganjar,≤100
120447851155208,Manifesto 2045,Manifesto 2045,≤100
104690266010927,Sumsel pro ganjar,Sumsel pro ganjar,≤100
537174902992737,Multiguna Raharja Konveksi,These ads ran without a disclaimer,≤100
104830667806476,Melihat Indonesia,Melihat Indonesia,≤100
103415375242817,signpro.id,Signpro.id,≤100
570775466618638,"H. Indra Isnaini, ST","H. Indra Isnaini, ST",≤100
1809129545796212,Demokrat Siap,Demokrat S14P,≤100
103959895185608,Project Multatuli,Project Multatuli,≤100
111630781901239,retnosetijowati02,These ads ran without a disclaimer,≤100
151656211363808,Sahabat Rizki Akbar Harun. SH,Celebes Digital Centre,≤100
101431829647980,NTB untuk ganjar,NTB untuk ganjar,≤100
107163892428783,Sulsel for ganjar,Sulsel for ganjar,≤100
107031822292437,Benjamin P Manurung,These ads ran without a disclaimer,≤100
138802215980229,Suara DIgital,PT Simpul Kreatif Digital,≤100
109184052227320,Herny Juniarti,Herny Juniarti,≤100
170770106121248,"Rencana Suryadi Ranik, S.H.","Rencana Suryadi Ranik, S.H.",≤100
104905369085777,Sofyan Hasdam,These ads ran without a disclaimer,≤100
148037471728247,Persaudaraan 98,These ads ran without a disclaimer,≤100
1969706383244592,Junaedi St,Junaedi St,≤100
106635585755730,Andi Zulfian N,Andi Zulfian N,≤100
117039095084472,Kompas MuDA,Kompas Muda,≤100
168481140723235,"Erma Suryani Ranik, SH,MH","Erma Suryani Ranik, SH,MH",≤100
111547467848888,Hana Sausan,Hana Sausan,≤100
104645047730467,Glory Cloth,These ads ran without a disclaimer,≤100
118987474633794,Walatra - Herbal Andalan Keluarga,These ads ran without a disclaimer,≤100
107310689083713,Ashleigh MacGyver,These ads ran without a disclaimer,≤100
116132854836913,Kalsel dukung ganjar,Kalsel dukung ganjar,≤100
1225363514206407,Bea Cukai Ngurah Rai,These ads ran without a disclaimer,≤100
111650175357567,Nur Maruffin,Nur Maruffin,≤100
157570740770105,Sanmil Creative,Jalasutra Art,≤100
100762663125883,Gerak Cepat Ganjar-Mahfud,These ads ran without a disclaimer,≤100
100100162876315,Netralnews.com,Netralnews.com,≤100
100126126095823,Paket Kampanye,Paket Kampanye,≤100
108574458173387,Pemerintah Provinsi Sulawesi Tengah,These ads ran without a disclaimer,≤100
1708585399413940,Ahmad Doli Kurnia Tandjung,Ahmad Doli Kurnia Tandjung Media Team,≤100
165197576682791,Ibu Masita Umrah,These ads ran without a disclaimer,≤100
111014822095898,Sahabat ganjar kota bandung,These ads ran without a disclaimer,≤100
127890387781027,DPC PKS Balikpapan Selatan,DPC PKS Balikpapan Selatan,≤100
199133790635758,Abdul Wahab A.Md,Abdul Wahab A.Md,≤100
108156498584853,Tetap Puan,These ads ran without a disclaimer,≤100
131222966743235,Minister of Health Budi G. Sadikin,These ads ran without a disclaimer,≤100
112738928429670,Bakti Untuk Cimahi,Bakti Untuk Cimahi,≤100
102636772681750,Luthfi Hernumurti,Luthfi Hernumurti,≤100
107439712399846,Banten dukung ganjar,Banten dukung ganjar,≤100
104672912408204,Akademi Pembelajaran Virtual,These ads ran without a disclaimer,≤100
114815168214667,Sumarno Hadi Susilo,Sumarno Hadi Susilo,≤100
117671411357684,Fabriek Badjoe,These ads ran without a disclaimer,≤100
101577652994954,PT. Startup Sukses Sejahtera,PT. Startup Sukses Sejahtera,≤100
102787876203559,Lampung untuk ganjar,Lampung untuk ganjar,≤100
175001485696508,TEMU PPPK,These ads ran without a disclaimer,≤100
173456226109884,Caleg Partai Keadilan Sejahtera,Caleg Partai Keadilan Sejahtera,≤100
108888975461505,"Elisa Ermasari,S.Mn","Elisa Ermasari,S.Mn",≤100
273454719936085,"Yohanis Fransiskus Lema, S.IP, M.Si","Yohanis Fransiskus Lema, S.IP, M.Si",≤100
145857005278565,Mikir Nyet,These ads ran without a disclaimer,≤100
237944616877404,Kaharuddin Nasution,These ads ran without a disclaimer,≤100
148228017393117,Baleomolcom.official,These ads ran without a disclaimer,≤100
100447888693508,Merpati Book,These ads ran without a disclaimer,≤100
150297458173507,Serunis,These ads ran without a disclaimer,≤100
110701125268709,Ramadhan,These ads ran without a disclaimer,≤100
109047708908340,Camylle Tillman,These ads ran without a disclaimer,≤100
101282183023908,Man of Our Time,Man of Our Time,≤100
116549128196836,Sahabat Willybrodus Lay,Sahabat Willy Lay,≤100
770509193148661,PLN,These ads ran without a disclaimer,≤100
110799152010497,Prabowo Lanjutkan Kepemimpinan,These ads ran without a disclaimer,≤100
116715223517954,YouSee Indonesia,YouSee Indonesia,≤100
182021772554395,Andy Azisi Amin,Andy Azisi Amin,≤100
2033478026770659,"HM. Najib Hamas, SE., MM","HM. Najib Hamas, SE., MM",≤100
350405795106649,Hanphie Agusoeito,Hanphie Agusoeito,≤100
112087165056827,Alya Bag,These ads ran without a disclaimer,≤100
122098425350015724,"Angi Permana, ST",Angi Permana,≤100
172643123669092,Surya Hadipermana,Surya Hadipermana,≤100
107761782411827,Andri Budiono,Andri Budiono,≤100
604732203003558,PKS NTB,PKS NTB,≤100
869059119793720,Penajam Terkini,Penajam Terkini,≤100
109528635280578,Jimmy Mboe,These ads ran without a disclaimer,≤100
108739417191780,pranusa.id,pranusa.id,≤100
1219046384807694,Bid Humas Polda Papua Barat,These ads ran without a disclaimer,≤100
122096754494006800,Sahabat Winston Rondo,Sahabat Winston Rondo,≤100
302347240546697,AR Visual Project,AR Visual Project,≤100
126904003840981,H. Nanda Suhanda,H. Nanda Suhanda,≤100
132284893302540,Jaya Harsono,Partai Solidaritas Indonesia,≤100
111457061875577,"Dr Hj Cucu Sugiarti, M.Pd","Dr Hj Cucu Sugiarti, M.Pd",≤100
107905882351060,Asep Rafie Channel,Asep Rafie Channel,≤100
137800742756256,Ensiklopolitik,These ads ran without a disclaimer,≤100
114417111691225,"H. Uhibbussaadi, ST","H. Uhibbussaadi, ST",≤100
139784402541779,Ruth Novitasari Hutasoit,Ruth Novitasari Hutasoit,≤100
121463474389245,CAD PKS Kota Tasikmalaya,CAD PKS Kota Tasikmalaya,≤100
166846909850243,kisah nyata hidup saya,These ads ran without a disclaimer,≤100
109265322098257,Handoyo Ramelie,These ads ran without a disclaimer,≤100
116938274779236,Timses PTK dan TBL,Timses PTK dan TBL,≤100
183249891534225,Bantuan Dana Saudi Arabia,These ads ran without a disclaimer,≤100
147555216186069,Christina Aryani,Christina Aryani Foundation,≤100
138364192702268,Halo Timnas,These ads ran without a disclaimer,≤100
111498588134000,Bang Darwis,Bang Darwis,≤100
105253937483691,Mohamed bin Zayed University of Artificial Intelligence,These ads ran without a disclaimer,≤100
1834313933459789,BBC StoryWorks,These ads ran without a disclaimer,≤100