﻿Page ID,Page name,Disclaimer,Amount spent (EGP)
112097178622996,Ahmed Helmy,Ahmed Helmy,1144
338109312883186,China Xinhua News,These ads ran without a disclaimer,608
550280998481446,Rasha Kelej,Rasha Kelej,601
131582120040714,الحملة الانتخابية للمرشح الرئاسي عبدالفتاح السيسي,KNOT Digital,543
156929864368599,حزب المصريين الأحرار,حزب المصريين الأحرار,346
139846939209923,Faried Zahran - فريد زهران,الحزب المصري الديمقراطي الاجتماعي,201
101057888427226,النائب المهندس/ محمد لبيب - عضو مجلس النواب,النائب المهندس/ محمد لبيب - عضو مجلس النواب,200
103649525984417,Dr. Islam Nasralla د.إسلام نصر الله,Dr. Islam Nasralla د.إسلام نصر الله,129
101009088774421,حزب حماة الوطن,حزب حماة الوطن,118
798673866859390,ETC TV,ETC TV,104
28312410177,World Food Programme,These ads ran without a disclaimer,≤100
106965309133114,حازم عمر - Hazem omar,حازم عمر - Hazem omar,≤100
192320965049184,الإعلامية نيفين منصور,الإعلامية نيفين منصور,≤100
259689954690643,جامعة الشباب العربي الأفريقي,جامعة الشباب العربي الأفريقي,≤100
308088503057656,النائب محمود عصام,النائب محمود عصام,≤100
255364564480829,Abdelmonem Emam -  عبد المنعم إمام,Abdelmonem Emam -  عبد المنعم إمام,≤100
101586878327765,Hassanein Tawfiq - حسانين توفيق,Hassanein Tawfiq - حسانين توفيق,≤100
103291013528894,Dr.Mokhtar Gomaa,Dr.Mokhtar Gomaa,≤100
110734497396339,محمود سامي - 𝐌𝐚𝐡𝐦𝐨𝐮𝐝 𝐒𝐚𝐦𝐲,محمود سامي - 𝐌𝐚𝐡𝐦𝐨𝐮𝐝 𝐒𝐚𝐦𝐲,≤100
103395314662888,حزب الشعب الجمهوري - مصر,حزب الشعب الجمهوري - مصر,≤100
535371883202755,Freddy Elbaiady  صفحة فريدي البياضي,smc egypt,≤100
143775348819125,مجلس الدولة المصري - Egyptian Council of State,Egyptian Council of State,≤100
150301664832128,مش جورنان  -  Msh Gournan,These ads ran without a disclaimer,≤100
114227100379731,عادل اللمعي - Adel El lamei,عادل اللمعي - Adel El lamei,≤100
118992379972310,Fatmah Selim - فاطمة سليم,Fatmah Selim - فاطمة سليم,≤100
181524565276709,الهلال الأحمر المصري - Egyptian Red Crescent,الهلال الأحمر المصري - Egyptian Red Crescent,≤100
354968941204659,الدكتور أيمن أبو العلا عضو مجلس النواب,الدكتور أيمن أبو العلا عضو مجلس النواب,≤100
105322721599496,الدكتور محمد زكي الوحش,الدكتور محمد زكي الوحش,≤100
595025640685644,النائبة شيرين عبد العزيز - Sherin abdelaziz,النائبة شيرين عبد العزيز - Sherin abdelaziz,≤100
1934139156895621,د.خالد قنديل Dr.Khaled Kandel,د.خالد قنديل Dr.Khaled Kandel,≤100
105872082337085,النائب أحمد عبدالجواد,النائب أحمد عبدالجواد,≤100
166420296805460,حزب المحافظين,حزب المحافظين,≤100
101407185096067,Ahmed Qenawy - أحمد القناوي,Ahmed Qenawy - أحمد القناوي,≤100
104570177893410,أحمد علي الألفي,أحمد علي الألفي,≤100
1916894871881712,يونس عبدالرازق - Younes abdelrazek,يونس عبدالرازق - Younes abdelrazek,≤100
102752291431181,المهندس حازم الجندي - Hazem ElGendy,المهندس حازم الجندي - Hazem ElGendy,≤100
111393504057042,د/ مها عبد الناصر,د/ مها عبد الناصر,≤100
118932207798163,Rehab Eltehewy - رحاب التحيوي,Rehab Eltehewy - رحاب التحيوي,≤100
102212746300332,علاء عبدالنبي - Alaa Abdelnabi,علاء عبدالنبي - Alaa Abdelnabi,≤100
132954683232343,نشأت حتة Nashat Heta,نشأت حتة Nashat Heta,≤100
102299546168565,Web Summit Qatar,These ads ran without a disclaimer,≤100
109932858190298,Mohamed Asaad,Mohamed Asaad,≤100
106719921012688,Ahmed Bahaa Shalaby-أحمد بهاء شلبي,Integrated Marketing Communications For Media.IMC,≤100
142453928955004,7'od A2olak-خد أقولك,These ads ran without a disclaimer,≤100
109967521786747,اغانى الانتخابات باسم المرشحين,اغانى الانتخابات باسم المرشحين,≤100
112072071382470,أحمد الفار - Ahmed Elfar,أحمد الفار - Ahmed Elfar,≤100
1798435720478073,新華香港,These ads ran without a disclaimer,≤100
112161944845807,Nevein Basiouny,Nevein Basiouny,≤100
111086937788265,موقع تحيا مصر - Tahiamasr News,موقع تحيا مصر - Tahiamasr News,≤100
103571604973098,هشام حسين - Hesham Hussein,هشام حسين - Hesham Hussein,≤100
101361307958442,Mohamad ElGarhy,Mohamad ElGarhy,≤100
103086629281243,محمد الشنراوي,محمد الشنراوي,≤100
114229523780037,أحمد إبراهيم البنا - Ahmed Ibrahim Elbanna,أحمد إبراهيم البنا - Ahmed Ibrahim Elbanna,≤100
108927510969680,الصفحة الرسمية للنائبة د. صبورة السيد,الصفحة الرسمية للنائبة د. صبورة السيد,≤100
102521556232446,أساس ميديا مصر - Asas Media Egypt,asasmedia,≤100
1918605931485644,رواسخ,These ads ran without a disclaimer,≤100
282421105588262,Alraees News- الرئيس نيوز,Alraees News- الرئيس نيوز,≤100
119405895873,Huawei,These ads ran without a disclaimer,≤100
103745798627292,المستشار ماهر ميلاد اسكندر,المستشار ماهر ميلاد اسكندر,≤100
104078567773640,مستقبل وطن نيوز,مستقبل وطن نيوز,≤100
101978821273549,حزب الجيل الديمقراطي,حزب الجيل الديمقراطي,≤100
279224125621229,قناة مكملين - الرسمية,These ads ran without a disclaimer,≤100
211767829359945,مصر النهاردة,These ads ran without a disclaimer,≤100
511146655583741,جنوبية حرة,These ads ran without a disclaimer,≤100
171395182950435,World Future Energy Summit,These ads ran without a disclaimer,≤100
110608180718602,ربع مشكل,These ads ran without a disclaimer,≤100
1724148267695799,بيت الحكمة 2.0,These ads ran without a disclaimer,≤100
1950076708632822,Osama el shahed - أسامة الشاهد,Osama el shahed - أسامة الشاهد,≤100
104421931606476,النائب أحمد دياب,النائب أحمد دياب,≤100
292473967602416,مصر ٢٠٣٠,أسواق للمعلومات,≤100
119846241093067,الشركة العالمية للادوات المنزلية,These ads ran without a disclaimer,≤100
666470146818916,مؤسسة جبر القلوب - GabrAlqulub,مؤسسة جبر القلوب - GabrAlqulub,≤100
101575129491018,Mohamed Gamal Eldin - محمد جمال الدين,These ads ran without a disclaimer,≤100
459384307440544,Andersen in Egypt,Andersen in Egypt,≤100
100835565731657,Ahmed Amin Massoud - أحمد أمين مسعود,Ahmed Amin Massoud - أحمد أمين مسعود,≤100
110877857406073,المهندس حسام لبن,المهندس حسام لبن,≤100
114079190450834,النائب/ محمد رضا البنا,النائب/ محمد رضا البنا,≤100
111644201753883,مها عجلان,These ads ran without a disclaimer,≤100
565225540184937,CGTN,These ads ran without a disclaimer,≤100
105424640803008,TRT World Forum,These ads ran without a disclaimer,≤100
106788028794941,أنا معارض,These ads ran without a disclaimer,≤100
182313911624485,صقر الصعيد لخدمات رجال الاعمال,These ads ran without a disclaimer,≤100
101420169119795,معرض وسط الصعيد الزراعى,These ads ran without a disclaimer,≤100
381770081874336,صحافة العاشر مـن رمضان,These ads ran without a disclaimer,≤100
101394739489534,الصفحة الرسمية للمهندس هشام علما,الصفحة الرسمية للمهندس هشام علما,≤100
110833270323962,فِكر - Fikr,These ads ran without a disclaimer,≤100
417134465765998,عمرو حسين هندي,عمرو حسين هندي,≤100
1424610401122573,هاني العتال - Hany Alattal,هاني العتال - Hany Alattal,≤100
553607648072504,Alruwaq -  جريدة الرواق,These ads ran without a disclaimer,≤100
142675062468228,عصام شعبان Essam Shaban,These ads ran without a disclaimer,≤100
114996408170950,Khaled mossad,These ads ran without a disclaimer,≤100
111237898452478,محمد صابر عبداللاه,محمد صابر عبداللاه,≤100
115787811587823,المستشار القانوني أسامة الضليفي,These ads ran without a disclaimer,≤100
103780142495369,Banon IVF Center -مركز بنون للحقن المجهري,These ads ran without a disclaimer,≤100
498106800286560,FAZ TV,These ads ran without a disclaimer,≤100
470335656419585,Saden Travel - سادن ترافيل,These ads ran without a disclaimer,≤100
185739087951486,بيت الوطن,These ads ran without a disclaimer,≤100
1902150056709260,The President Cup,These ads ran without a disclaimer,≤100
112145680127167,Dr. Yahya Ayad,Dr. Yahya Ayad,≤100
112968057958584,برنامج حلم ولا علم مع أحمد عامر,These ads ran without a disclaimer,≤100
157559467655666,Palesztin Állam Nagykövetsége - Budapest   سفارة دولة فلسطين لدى المجر,These ads ran without a disclaimer,≤100
111070858723598,Dr S - دكتور س,These ads ran without a disclaimer,≤100
104683802641628,برنامج الحقيقة مع الإعلامي محمد سيف,These ads ran without a disclaimer,≤100
101203429485426,Panstar Cruise,These ads ran without a disclaimer,≤100
1580777865479495,العميد علاء خيرالله - عضو مجلس النواب,العميد علاء خيرالله - عضو مجلس النواب,≤100
107446235439590,مؤسسة العمدة_ لشراء جميع انواع السيارات الحوادث,These ads ran without a disclaimer,≤100
100388429689787,yusufwildphoto,These ads ran without a disclaimer,≤100
111675773993239,AG Cure Clinic      مركز الاستاذ الدكتور احمد جاب الله لعلاج الأورام,These ads ran without a disclaimer,≤100
476179919621255,Misbar - مسبار,These ads ran without a disclaimer,≤100
108934430533110,إنّما الأقصى عقيدة,These ads ran without a disclaimer,≤100
101837288924546,Muslimi,These ads ran without a disclaimer,≤100
148626995001227,Ma3roof moqadamn - معروف مقدماً,These ads ran without a disclaimer,≤100
134554849735604,Riham Shehada,These ads ran without a disclaimer,≤100
188709048330572,Abu Dhabi Sustainability Week - ADSW,These ads ran without a disclaimer,≤100
146822482008281,DW عربية,These ads ran without a disclaimer,≤100
108601881874256,_sa._.h,These ads ran without a disclaimer,≤100
947141812042694,Egypt Energy Show - Egypes,These ads ran without a disclaimer,≤100
31292782350,Deutschland.de,These ads ran without a disclaimer,≤100
107288554025966,Captain Awn Kabariti,These ads ran without a disclaimer,≤100
107688895289840,Sweetheart Home,These ads ran without a disclaimer,≤100
132624239942158,Benson Agnes,These ads ran without a disclaimer,≤100
171744026012878,El Zatoona - الزتونه,These ads ran without a disclaimer,≤100
102234342774882,ناس أونلاين,These ads ran without a disclaimer,≤100
111476831940914,Asmaa Medhat,These ads ran without a disclaimer,≤100
102990732634698,Ahmed El Yasin,These ads ran without a disclaimer,≤100
102458909040981,CSCEC in Central and West Africa,These ads ran without a disclaimer,≤100
731865576939420,TotalEnergies,These ads ran without a disclaimer,≤100
106921975073316,Jusoor Post - جسور بوست,These ads ran without a disclaimer,≤100
101643966183043,الخلاصة - El-kholasa,These ads ran without a disclaimer,≤100
111406042008466,ريو بونتارا,These ads ran without a disclaimer,≤100
111622410196045,State of Youth,These ads ran without a disclaimer,≤100
101368689303795,New China Research,These ads ran without a disclaimer,≤100
172478192614533,11.anwaar.11,These ads ran without a disclaimer,≤100
106157461342918,Faisal M Aldhafeeri,These ads ran without a disclaimer,≤100
108239275208859,ASAR Legal,These ads ran without a disclaimer,≤100
100925458042748,Viatris,These ads ran without a disclaimer,≤100
162984786903576,Amer Ali Abuhani,These ads ran without a disclaimer,≤100
248547585333443,قناة الغد Alghad TV,These ads ran without a disclaimer,≤100
109282494882570,مزيد - Mazid,These ads ran without a disclaimer,≤100
114187168285344,Clearance sale,These ads ran without a disclaimer,≤100
112352954421548,Beam Reports,These ads ran without a disclaimer,≤100
162375966959339,M9.p,These ads ran without a disclaimer,≤100
1796503060633817,كلمة أخيرة مع لميس الحديدي,These ads ran without a disclaimer,≤100
1456998184564952,عربي بوست,These ads ran without a disclaimer,≤100
9179830029,Queen Mary University of London,These ads ran without a disclaimer,≤100
111340624700122,Asharq Business Crypto اقتصاد الشرق كريبتو,These ads ran without a disclaimer,≤100
102065549523261,متجر مجان,These ads ran without a disclaimer,≤100
112592083751373,Dr. Haytham Shabayek,These ads ran without a disclaimer,≤100
103648398093208,EduTourism for Unity,These ads ran without a disclaimer,≤100
589913688039969,Michigan Online,These ads ran without a disclaimer,≤100
177181688070,Royal College of Obstetricians and Gynaecologists RCOG,These ads ran without a disclaimer,≤100
185343588755360,متصدقش,These ads ran without a disclaimer,≤100
1096538887134446,Reuters Plus,These ads ran without a disclaimer,≤100
100325042923985,جامع الانبياء - الاعظمية,These ads ran without a disclaimer,≤100
111031631511098,Knacktank,These ads ran without a disclaimer,≤100
877732785570355,قناة بلقيس الفضائية Belqees tv,These ads ran without a disclaimer,≤100
113909325027754,thehtafrica,These ads ran without a disclaimer,≤100
221365837883679,Egyptian Food Bank,These ads ran without a disclaimer,≤100
104157335788045,Liliana Afonso - Remax Viva,These ads ran without a disclaimer,≤100
129529753906573,عبدالقادر دياب - Abdulkader Diab,These ads ran without a disclaimer,≤100
101033212358374,CShells,These ads ran without a disclaimer,≤100
106613415641074,حكاية زعيم,These ads ran without a disclaimer,≤100
427648547297783,Hasan Ismaik - حسن إسميك,These ads ran without a disclaimer,≤100
101105049294796,CNN Business Arabic الاقتصادية CNN,These ads ran without a disclaimer,≤100