﻿Page ID,Page name,Disclaimer,Amount spent (NOK)
135843375926,UNICEF Norge,UNICEF Norge,3176
113275862050709,Næringslivets Hovedorganisasjon,Næringslivets Hovedorganisasjon,700
115708594845496,Plastmilliarden,Samfunnsbedriftene,495
313753051208,Norsk Landbruksrådgiving,Norsk Landbruksrådgiving,370
121420461060912,Kraftkommune,NHO,281
44960467949,Greenpeace Norge,Föreningen Greenpeace Norden,215
322525743444,Get Inspired,These ads ran without a disclaimer,200
239755386551,SAFE,SAFE,189
10150092288520277,Norges Handikapforbund,Norges Handikapforbund,175
106644312532464,Rettferd for Suel,Rettferd for Suel,172
132368899297,Framtiden i våre hender,Framtiden i våre hender,170
277788629092,Med Israel for fred (MIFF),Med Israel for fred (MIFF),160
457694967621063,Stor-Oslo Nord,Gjøvikregionen Utvikling,158
20468812735,LO,LO,138
380405316155402,Stopp alzheimer og demens,Nasjonalforeningen for folkehelsen,128
117726821605303,PBL,PBL,≤100
1311226819022317,The Norwegian Nobel Institute / Det Norske Nobelinstitutt,The Norwegian Nobel Institute,≤100
417968848252894,Besteforeldrenes klimaaksjon,Besteforeldrenes Klimaaksjon,≤100
102203325950193,Ingvild Lemme Kristiansen,Stendi,≤100
6458652543,WWF Verdens naturfond,WWF Verdens naturfond,≤100
111322125898812,Filter Nyheter,Filter Nyheter,≤100
119797291429215,RIO - en landsdekkende brukerorganisasjon på rusfeltet,RIO - en landsdekkende brukerorganisasjon på rusfeltet,≤100
21603349508,NOAH - for dyrs rettigheter,NOAH - for dyrs rettigheter,≤100
108203984145752,Kruse Larsen,Kruse Larsen,≤100
623596214494727,Anima - Stopp dyremishandling,Anima - stopp dyremishandling,≤100
171408368520,Norad,Norad,≤100
1583324988565868,Stortinget,Stortinget,≤100
120374971332864,Kagge Forlag,Kagge Forlag,≤100
94140749496,HL-senteret,HL-senteret,≤100
10254410675,Venstre,Venstre,≤100
29033583742,UiA - Universitetet i Agder,UiA - Universitetet i Agder,≤100
126448980866214,Klassekampen,Klassekampen AS,≤100
105706168752816,NHO Geneo,NHO Geneo,≤100
128907043832503,Nettverk for dyrs frihet,Nettverk for dyrs frihet,≤100
227688410297,Radio Latin-Amerika,Radio Latin-Amerika,≤100
13204463437,"UNHCR, the UN Refugee Agency",These ads ran without a disclaimer,≤100
107005018213171,Heia Nord-Norge,Heia Nord-Norge AS,≤100
128566103830426,Civita,Civita AS,≤100
412991556169510,Ole Hovengen,Ole Hovengen,≤100
102446085719294,Debattene om Norges fremtid,Debattene om Norges fremtid,≤100
1878112455548367,Utøya - Et sted som engasjerer,Utøya AS,≤100
109197949130115,Kvinnefronten,Kvinnefronten i Norge,≤100
186626994701210,Forbundet for Ledelse og Teknikk (FLT),Forbundet for Ledelse og Teknikk (FLT),≤100
135043687916,NATT&DAG,Natt&Dag AS,≤100
131267734363,Kirkens Nødhjelp,Kirkens Nødhjelp,≤100
100885889429302,Verdinytt,Verdinytt AS,≤100
506643986029813,Peace Research Institute Oslo (PRIO),Peace Research Institute Oslo (PRIO),≤100
119878348024795,ULOBA,Uloba - Independent Living Norge,≤100
144754334087,Trøndelag Arbeiderparti,Trøndelag Arbeiderparti,≤100
201766586502981,"Homonettverket- lesbiske, homofile, bifile, transpersoner i Arbeiderpartiet","Homonettverket- lesbiske, homofile, bifile, transpersoner i Arbeiderpartiet",≤100
181695048654624,LO i Bergen og Omland,LO i Bergen og omland,≤100
2126953310777751,Nettmagasinet Afrika.no,Fellesrådet for Afrika,≤100
159084565236,Transit magasin,Transit Media AS,≤100
102309449458354,Вечерние Новости,These ads ran without a disclaimer,≤100
102027362617259,Kvinnefronten i Oslo,Kvinnefronten i Oslo,≤100
291789484748906,Senter for hav og Arktis,Senter for hav og Arktis,≤100
1575504446036066,LEMAN,These ads ran without a disclaimer,≤100
7783116506,Animals Asia,These ads ran without a disclaimer,≤100
52417950870,Rogaland Venstre,Rogaland Venstre,≤100
169426402923210,Chain W,These ads ran without a disclaimer,≤100
300127442096,Norske Kvinners Sanitetsforening,Norske Kvinners Sanitetsforening,≤100
291823471121,Stiftelsen Fritt Ord,Stiftelsen Fritt Ord,≤100
188521167992983,TV BRA,TV BRA,≤100
162339126958932,Econ Express Updates,These ads ran without a disclaimer,≤100
116849158413174,Fredrikstad SV,Fredrikstad SV,≤100
104113559462838,fopnetwork_en,These ads ran without a disclaimer,≤100
108091988358295,Travels All Abroad,These ads ran without a disclaimer,≤100
1811121752235596,Vest,These ads ran without a disclaimer,≤100
34790809429,Nasjonalmuseet,These ads ran without a disclaimer,≤100
142297039166796,Norwegian Helsinki Committee,Den norske Helsingforskomité,≤100
123488517715637,LO Østfold,LO,≤100
126448980866214,Klassekampen,Klassekampen,≤100
842484635804171,International Expert,These ads ran without a disclaimer,≤100
102299546168565,Web Summit Qatar,These ads ran without a disclaimer,≤100
136388022885951,Investing in Education,These ads ran without a disclaimer,≤100
175205405673780,Срочные Новости,These ads ran without a disclaimer,≤100
1478930005708038,TomorroWoman,These ads ran without a disclaimer,≤100
620626954806244,TRW,These ads ran without a disclaimer,≤100
133363669861151,Capital Chronicles Daily,These ads ran without a disclaimer,≤100
103705855597181,The Fun Concierge,These ads ran without a disclaimer,≤100
133361859854109,DIYMasters,These ads ran without a disclaimer,≤100
269979477968,Tracy Anderson Method,These ads ran without a disclaimer,≤100
183113521734307,Mysen,These ads ran without a disclaimer,≤100
95775573753,Frontiers,These ads ran without a disclaimer,≤100
107117445556367,Dragons Tell Tales,These ads ran without a disclaimer,≤100
122522007616157,The Wise Invest,These ads ran without a disclaimer,≤100
106317972442044,CMG Weekly US,These ads ran without a disclaimer,≤100
181053201749946,Caio Smith,These ads ran without a disclaimer,≤100
178672591994579,Теsla Х,These ads ran without a disclaimer,≤100
9179830029,Queen Mary University of London,These ads ran without a disclaimer,≤100
102589356112456,hope.ua,These ads ran without a disclaimer,≤100
244347532249880,ONE FOR ISRAEL Ministry,These ads ran without a disclaimer,≤100
19746387261,Humane Society International,These ads ran without a disclaimer,≤100
1374644226197839,thyssenkrupp,These ads ran without a disclaimer,≤100
126637510542276,Skandal Polski,These ads ran without a disclaimer,≤100
155777667619555,Lignin.international,These ads ran without a disclaimer,≤100
45651091362,Network for Animals,These ads ran without a disclaimer,≤100