﻿Page ID,Page name,Disclaimer,Amount spent (USD)
85556797741,Edith Cowan University (ECU),These ads ran without a disclaimer,≤100
100904822517086,Non-Trivial,These ads ran without a disclaimer,≤100
338109312883186,China Xinhua News,These ads ran without a disclaimer,≤100
793541217464814,Cisco Global Problem Solver Challenge,These ads ran without a disclaimer,≤100
565225540184937,CGTN,These ads ran without a disclaimer,≤100
68793499001,UNICEF,These ads ran without a disclaimer,≤100
146627512070062,International Air Transport Association (IATA),These ads ran without a disclaimer,≤100
1798435720478073,新華香港,These ads ran without a disclaimer,≤100
158714780827513,UNFPA,These ads ran without a disclaimer,≤100
1473321922884514,Chińskie Radio Międzynarodowe,These ads ran without a disclaimer,≤100
821430017924241,Sungrow,These ads ran without a disclaimer,≤100
39759254594,Earth Journalism Network,These ads ran without a disclaimer,≤100
108625789179165,Soi Dog Foundation,These ads ran without a disclaimer,≤100
208685479508187,U-Report Global,These ads ran without a disclaimer,≤100
176104589110851,IEEE,These ads ran without a disclaimer,≤100
188872144758,CCTV,These ads ran without a disclaimer,≤100
103309295656108,Nada's Planet Increment,These ads ran without a disclaimer,≤100
127187187348820,Kaspersky,These ads ran without a disclaimer,≤100
115591005188475,Global Times,These ads ran without a disclaimer,≤100
371171589575669,China.org.cn,These ads ran without a disclaimer,≤100
103733191524431,Liuxininbeijing,These ads ran without a disclaimer,≤100
103376571323293,U-Report South Asia,These ads ran without a disclaimer,≤100
102892417916,Voice of Tibet,These ads ran without a disclaimer,≤100
101082842736363,The world of reader,These ads ran without a disclaimer,≤100
112220134851421,Under the Sisterhood,These ads ran without a disclaimer,≤100
684480475094920,Discover Inner Mongolia,These ads ran without a disclaimer,≤100
70877580782,IFC - International Finance Corporation,These ads ran without a disclaimer,≤100
131664893560695,Origins OSU,These ads ran without a disclaimer,≤100
165525366896608,Soka Gakkai,These ads ran without a disclaimer,≤100
13185976173,National Aquarium,These ads ran without a disclaimer,≤100
698056676933263,Global Peace Mission / Official,These ads ran without a disclaimer,≤100
443464592695498,Owl Pro Drones,These ads ran without a disclaimer,≤100
196230137801050,Spectee,These ads ran without a disclaimer,≤100
107996315091233,月旦港事,These ads ran without a disclaimer,≤100
1374826826104281,Sensibo,These ads ran without a disclaimer,≤100
101368689303795,New China Research,These ads ran without a disclaimer,≤100
25794202967,Wayne State University,These ads ran without a disclaimer,≤100
380712502382003,Dr Charles Sinkala,These ads ran without a disclaimer,≤100
312898778847834,TERRAM PACIS,These ads ran without a disclaimer,≤100
430258463820053,International School of Ministry with Pastor Chris,These ads ran without a disclaimer,≤100
220832481274508,Premier League,These ads ran without a disclaimer,≤100
364509747074931,Jangsem Monday,These ads ran without a disclaimer,≤100
101216219504499,Bhutan Tendrel Party - BTP,These ads ran without a disclaimer,≤100
1908125556089705,Lewis Pugh Foundation,These ads ran without a disclaimer,≤100
1174024365982168,Howard的家居好物推荐,These ads ran without a disclaimer,≤100
110780698430373,Photo Maker,These ads ran without a disclaimer,≤100
212341778889162,Dev Crawford,These ads ran without a disclaimer,≤100
7783116506,Animals Asia,These ads ran without a disclaimer,≤100
111802044914153,pseudoholistic,These ads ran without a disclaimer,≤100
103751422758862,Durrani bhai,These ads ran without a disclaimer,≤100
103225188636394,India Dainik News,These ads ran without a disclaimer,≤100
104766884264496,Dakini Translations and Publications,These ads ran without a disclaimer,≤100
224597158386607,Rosa Luxemburg Foundation,These ads ran without a disclaimer,≤100
108763678798318,Turkey Earthquake 2023,These ads ran without a disclaimer,≤100
109040303829774,Nawa4u Tv,These ads ran without a disclaimer,≤100
110980888642151,Twibbon April,These ads ran without a disclaimer,≤100
60516116431,Člověk v tísni,These ads ran without a disclaimer,≤100
187461997935711,Unilever Careers,These ads ran without a disclaimer,≤100
103018419782973,ITU,These ads ran without a disclaimer,≤100
100994765608411,INN WORD Revival Now,These ads ran without a disclaimer,≤100
166591246714313,Tetra Pak,These ads ran without a disclaimer,≤100
1834313933459789,BBC StoryWorks,These ads ran without a disclaimer,≤100
110281044899408,Xtinct,These ads ran without a disclaimer,≤100
109506492453564,Mfashionista,These ads ran without a disclaimer,≤100
109096360620199,NWprofessionaltraders,These ads ran without a disclaimer,≤100
131928446574,HelpAge International,These ads ran without a disclaimer,≤100
111622410196045,State of Youth,These ads ran without a disclaimer,≤100
103423415866044,2322322322,These ads ran without a disclaimer,≤100
108168278262981,Energy Connects,These ads ran without a disclaimer,≤100
325443420894812,CMS VATAVARAN,These ads ran without a disclaimer,≤100
1807507359273674,West African Tax Administration Forum,These ads ran without a disclaimer,≤100
121350964566751,DHL Motorsports,These ads ran without a disclaimer,≤100
103032766054112,United.Nations,These ads ran without a disclaimer,≤100
1289843507717324,Youth for Asia,These ads ran without a disclaimer,≤100
230645183771966,EU SWITCH-Asia Programme,These ads ran without a disclaimer,≤100