﻿Page ID,Page name,Disclaimer,Amount spent (EUR)
122074554119,EU Social,EU Social,≤100
39435457457,Greenpeace France,Greenpeace France,≤100
105433001916166,Brut.Adnetwork,BRUT SAS,≤100
81753537108,TotalEnergies,TotalEnergies,≤100
139331629464336,EDF,EDF,≤100
360872200698949,Afev France,Afev,≤100
840901192703231,Groupe Identité et Démocratie - France,Groupe Identité et Démocratie - France,≤100
265420476920,Médecins du Monde France,Médecins du Monde France,≤100
108030868322029,AB6,These ads ran without a disclaimer,≤100
154912951193067,Médecins Sans Frontières / MSF,Médecins Sans Frontières,≤100
106554597767346,UNHCR France,UNHCR France,≤100
5755303613,La Chaîne de l'Espoir,La Chaîne de l'Espoir,≤100
217145431660305,Syndicat CFTC,Syndicat CFTC,≤100
101013773031074,Harris Tyler,These ads ran without a disclaimer,≤100
158609180861860,Ministères Écologie Énergie Territoires,Ministères Écologie Énergie Territoires,≤100
51603470763,Europe Écologie-Les Verts,Europe Ecologie Les Verts,≤100
14053295787,Oxfam France,Oxfam France,≤100
100707905881,Plan International France,Plan International France,≤100
721882314614976,Franceemploidomicile,FEPEM,≤100
252417390706,APF France handicap,APF France handicap,≤100
194205247377292,Société de Saint Vincent de Paul - France,Société de Saint Vincent de Paul - National,≤100
114558158297865,Mystic Mirage,These ads ran without a disclaimer,≤100
155317537884626,Ordre de Malte France,Ordre de Malte France,≤100
744419212328955,UFC-Que Choisir,UFC-Que Choisir,≤100
196305677194732,Bastide Niel,Bastide Niel,≤100
178362315106,European Parliament,European Parliament,≤100
115640363205428,Mathilde Androuët,Mathilde Androuët,≤100
152835304742765,Les Petits Frères des Pauvres,Les Petits Frères des Pauvres,≤100
113579678698073,La SPA - Société Protectrice des Animaux,La SPA - Société Protectrice des Animaux,≤100
21254500749,Rassemblement National,Rassemblement National,≤100
118435221201522,Groupe de Recherche sur les Pratiques au Travail,Groupe de Recherche sur les Pratiques au Travail,≤100
2395811333779238,Learn Immo,These ads ran without a disclaimer,≤100
9025047571,Amnesty International France,Amnesty International France,≤100
162383987105585,Association Valentin Haüy - AVH,Association Valentin Haüy - AVH,≤100
154418871253173,Harmonie Mutuelle,Harmonie Mutuelle,≤100
108976890348,Vaincre la Mucoviscidose,Vaincre la Mucoviscidose,≤100
173159234432,UNICEF France,UNICEF France,≤100
111813051744,ACTION ENFANCE,ACTION ENFANCE,≤100
625616024204368,DIGNITE international,Dignite International,≤100
135590433555491,Diffuz Solidaire,MACIF,≤100
128938130499216,Fepem - Fédération des particuliers employeurs de France,FEPEM,≤100
170226609767630,AXA,AXA,≤100
1757782394471400,Brut,Brut,≤100
114676815236667,AIDES,AIDES,≤100
100255681599847,Veolia France,Veolia,≤100
475614645800988,Pour une santé solidaire – Solimut Mutuelle de France,Solimut Mutuelle de France,≤100
256197435586,Handicap International - Humanity & Inclusion,Handicap International - Humanity & Inclusion,≤100
176663393102,La Cimade,La Cimade,≤100
1891306977793412,France Alzheimer et maladies apparentées,France Alzheimer et maladies apparentées,≤100
424922021243063,Loopsider,Loopsider,≤100
194745373893883,Le Jour du Seigneur,Le Jour du Seigneur,≤100
544425445579374,L'Œuvre d'Orient,L'Œuvre d'Orient,≤100
384955301529344,Institut du Cerveau - Paris Brain Institute,Institut du Cerveau - Paris Brain Institute,≤100
141960165823353,Gustave Roussy,Gustave Roussy,≤100
120183411077098,Foster Gerald,These ads ran without a disclaimer,≤100
124821480532,Max Havelaar France,Max Havelaar France,≤100
335868279790722,CIWF France,CIWF France,≤100
101453195273267,Infopro Digital Média,Infopro digital,≤100
103804191671034,Tilt,"Tilt, une initiative de l'AFD",≤100
305982272814433,Jean Paul Garraud,Jean Paul Garraud,≤100
299566537159068,Fondation de l'AP-HP,Fondation de l'AP-HP,≤100
314443337102,GRDF,GRDF,≤100
491891557553645,ifaw,ifaw,≤100
107898832590939,European Commission,European Commission,≤100
101106058167117,Green Management School,MediaSchool Group,≤100
108134151631160,La bellenergie,These ads ran without a disclaimer,≤100
160967737260809,Fsu - Engagé-es  au quotidien,Fédération Syndicale Unitaire,≤100
1536553206605391,Jean-Lin Lacapelle,Jean-Lin Lacapelle,≤100
1598764970362891,Jordan Bardella,Jordan Bardella,≤100
112547358788607,CCFD-Terre Solidaire,CCFD-Terre Solidaire,≤100
72002497258,Thierry Mariani,Thierry Mariani,≤100
711744789193944,Axenergie,Axenergie,≤100
364959206939410,ACAT France,ACAT France,≤100
174152456808,Welfarm,Welfarm,≤100
220098248063927,Samusocial de Paris,Samusocial de Paris,≤100
102309449458354,Вечерние Новости,These ads ran without a disclaimer,≤100
341639095893968,France Renouvelables,France Energie Eolienne,≤100
175205405673780,Срочные Новости,These ads ran without a disclaimer,≤100
105709216127942,Crédit Coopératif,Crédit Coopératif,≤100
112850238560079,Élite Pare-Brise,Élite Pare-Brise,≤100
463705930368887,Réseau Action Climat,Réseau Action Climat,≤100
116070051527,Mediapart,Mediapart,≤100
903735846453635,Compagnie Océane,These ads ran without a disclaimer,≤100
1598764970362891,Jordan Bardella,Rassemblement National,≤100
1150185098382760,Fraternité générale,Fraternité Générale,≤100
426832457756357,Mes Soutiens,ORIXA MEDIA,≤100
492173710794876,Institut Pasteur,Institut Pasteur,≤100
137102989708866,Fondation Jérôme Lejeune,Fondation Jérôme Lejeune,≤100
241694996718264,NF Habitat,Cerqual,≤100
699258733544110,Météore Films,Météore Films,≤100
105950947484484,Annika Bruna,Annika Bruna,≤100
623913934364235,Solidarité Laïque,Solidarité Laïque,≤100
120780477955028,Secours populaire,Secours populaire,≤100
113205478695478,Bleu-Blanc-Coeur,Bleu-Blanc-Coeur,≤100
164743920229688,AELO - Association Nationale des Elus Locaux d'Opposition,AELO - Association des Élus Locaux d'Opposition,≤100
123674940994027,Revue Esprit,Revue Esprit,≤100
291803297264,Action Education - en français,Aide et Action - Officiel,≤100
618145235013084,Fondation Terre Solidaire,Fondation Terre Solidaire,≤100
1656487581073095,Simone Media,These ads ran without a disclaimer,≤100
54568872127,Association Un enfant par la main,Un Enfant par la Main,≤100
103150531117106,U2P TV,Vikensi communication,≤100
108961334029224,Ekō en français,Ekō,≤100
116455261255,Action contre la Faim (France),Action contre la Faim,≤100
677902065668703,Fondation des Femmes,Fondation des femmes avec des coupons publicitaires Facebook,≤100
1656487581073095,Simone Media,SIMONE MEDIA,≤100
107808105469097,La Dianétique - France,Digitalis,≤100
191059330930227,Diplomeo,These ads ran without a disclaimer,≤100
293970490688629,François Alfonsi (Officiel),FAlfonsi,≤100
194678327051096,Новости,These ads ran without a disclaimer,≤100
426604830703188,Lev Tov,These ads ran without a disclaimer,≤100
910916945628993,Explore Media,Explore Media,≤100
413401852112275,La Mie de Pain,LA MIE DE PAIN,≤100
100140410085507,350 France,350 France,≤100
383882575328659,GRTgaz,GRTgaz,≤100
265420476920,Médecins du Monde France,These ads ran without a disclaimer,≤100
178672591994579,Теsla Х,These ads ran without a disclaimer,≤100
102903001443266,Une Marche - Un Sac,These ads ran without a disclaimer,≤100
117200981662779,BASF,These ads ran without a disclaimer,≤100
173257392750594,Commission européenne en France,Commission européenne en France,≤100
113096307692289,ADF International France,ADF International,≤100
361835540609243,Les Papillons de Jour,Les Papillons de Jour,≤100
300966453345382,Shpëtim Idrizi,These ads ran without a disclaimer,≤100
117709028343322,Association pour le Droit de Mourir dans la Dignité - ADMD,Association pour le Droit de Mourir dans la Dignité - ADMD,≤100
201716123952571,Mon épargne et moi,Natixis Investment Managers,≤100
229366650431028,BICE - Bureau International Catholique de l'Enfance,BICE - Bureau International Catholique de l'Enfance,≤100
108854242161197,Factuel,Factuel,≤100
122037308191612,Make.org,Make.org,≤100
368395563579,Bac Films,Bac Films,≤100
170516239720548,Franck Allisio,Franck Allisio,≤100
922543507826238,Festival Alimenterre,Festival Alimenterre,≤100
192583130787628,Réel média,Réel média,≤100
888264821338423,Groupe VYV,These ads ran without a disclaimer,≤100
278422012257681,Le Pacte,Le Pacte,≤100
189257527619,France Nature Environnement,France Nature Environnement,≤100
197118360320055,ONE France,ONE Fr,≤100
234345013259204,OABA,OABA,≤100
43083507654,Enercoop,These ads ran without a disclaimer,≤100
48643220735,PLANETE URGENCE,Planète Urgence,≤100
284897798281222,Réinventons Maubeuge,Réinventons Maubeuge,≤100
102001075501212,Moovance,Moovance,≤100
1620638098209175,SOS MEDITERRANEE France,SOS MEDITERRANEE France,≤100
125363757336044,Help Gaza Aidez Gaza Gazze'ye Yardım Edin,These ads ran without a disclaimer,≤100
100146088639717,Orphelinat Mutualiste de la Police Nationale,Orpheopolis,≤100
147126052393,Libération,Libération,≤100
395919323779707,CRIF,Crif,≤100
86539967660,Agir Pour l'Environnement,Agir pour l'Environnement,≤100
54309785742,Fondation pour la Nature et l'Homme,Fondation pour la Nature et l'Homme,≤100
499591003464356,Groupe Atlantic,Groupe Atlantic,≤100
138301850146155,AOC,AOC,≤100
123462977715125,Terre de Liens,Terre de Liens,≤100
105391268907831,Thibaut François,Thibaut François,≤100
100316562352345,Mes Droits en Ligne,These ads ran without a disclaimer,≤100
104392234307070,Mon éco projet,These ads ran without a disclaimer,≤100
702065149817690,Citizengo France,Citizengo France,≤100
193941174044646,La Vingt-Cinquième Heure,La Vingt-Cinquième Heure,≤100
274244579353193,AVA - Agir pour la Vie Animale,AVA - Agir pour la Vie Animale,≤100
141007519410664,Human Appeal France,These ads ran without a disclaimer,≤100
1415350452093573,ONU Femmes France,ONU Femmes France,≤100
139331629464336,EDF,These ads ran without a disclaimer,≤100
117681961248793,Djenabou Soumah,These ads ran without a disclaimer,≤100
2121598738086053,Ohm-energie,These ads ran without a disclaimer,≤100
1378428395617110,Siècle Vert,These ads ran without a disclaimer,≤100
258180930939050,QUALITEL,QUALITEL,≤100
166607146537360,Blog d'Emilie,These ads ran without a disclaimer,≤100
1684441541609223,Pour l'Éco,Pour l'Éco,≤100
105552569285655,Romain Blachier,Romain Blachier,≤100
256197435586,Handicap International - Humanity & Inclusion,Handicap International,≤100
364936960317601,Mondafrique,Mondafrique,≤100
376164935820287,O2&Cie urgence BPCO,O2&Cie urgence BPCO,≤100
156106311094721,Rent A Car - Location de véhicules,These ads ran without a disclaimer,≤100
566508133498745,Klorane Botanical Foundation,Klorane Botanical Foundation,≤100
192583130787628,Réel média,These ads ran without a disclaimer,≤100
489492277865574,SDI Syndicat des Indépendants et des TPE,SDI Syndicat des Indépendants et des TPE,≤100
1799781306789360,Arizona Distrib.,Arizona Distribution,≤100
114015134286640,La Petite République,La Petite République,≤100
169042736456594,All Out,Periscope,≤100
105171192862790,UNRWA,These ads ran without a disclaimer,≤100
109795734844860,Funeral filming,These ads ran without a disclaimer,≤100
19746387261,Humane Society International,These ads ran without a disclaimer,≤100
2207979212784682,Szpileczka,These ads ran without a disclaimer,≤100
1798435720478073,新華香港,These ads ran without a disclaimer,≤100
169129709620771,Lin Lin,These ads ran without a disclaimer,≤100
375124682143,Study in Czechia,These ads ran without a disclaimer,≤100
183254081533611,Calculating Slim,These ads ran without a disclaimer,≤100
106306277873393,Ade Dehye,These ads ran without a disclaimer,≤100
166252079910097,Melissa Glose Online 60298,These ads ran without a disclaimer,≤100
113447613420674,Waterfall Security Solutions,These ads ran without a disclaimer,≤100
216311481960,Bill Gates,These ads ran without a disclaimer,≤100
107034431979369,United24,These ads ran without a disclaimer,≤100
162174906970766,Entertaining Finance Center,These ads ran without a disclaimer,≤100
144170038786837,Yourinvestmentss,These ads ran without a disclaimer,≤100
447462388621476,SG Shop,These ads ran without a disclaimer,≤100
104691582737257,Artistic Hobbies Mansion,These ads ran without a disclaimer,≤100
100451056211467,Awe-Inspiring Geysers,These ads ran without a disclaimer,≤100
100503142671150,Cosmic Wanderer,These ads ran without a disclaimer,≤100
188709048330572,Abu Dhabi Sustainability Week - ADSW,These ads ran without a disclaimer,≤100
165489583319116,Inspiring Adventure Kingdom,These ads ran without a disclaimer,≤100