﻿Page ID,Page name,Disclaimer,Amount spent (EUR)
444504516075907,Shell,Shell,≤100
428670174395114,Vattenfall,Vattenfall Nederland,≤100
115289021825188,Oxfam Novib,Oxfam Novib,≤100
196118303833398,NRC,NRC Media BV,≤100
160001040736183,Fairtrade Nederland,Fairtrade Nederland,≤100
288295911466,Greenpeace Nederland,Greenpeace Nederland,≤100
57729029960,Amnesty International Nederland,Amnesty International Nederland,≤100
1830425247191865,Cordaid,Cordaid,≤100
133720236695807,Werken voor Nederland,Werken voor Nederland,≤100
192752594162175,Dona Daria Rotterdam,Gemeente Rotterdam,≤100
100660309175869,NieuwRechts,NieuwRechts.nl,≤100
120034538112114,Stichting Vluchteling,Stichting Vluchteling,≤100
245644432148792,ING Nederland,ING Nederland,≤100
399250573436072,Werken bij Defensie,Werken bij Defensie,≤100
100717511317223,Zet ook de knop om,Ministerie van Economische Zaken en Klimaat,≤100
159449970751999,Save the Children Nederland,Save the Children Nederland,≤100
328663274675248,Voor 16,Voor 14,≤100
211661062254003,ChristenUnie,ChristenUnie,≤100
1594630217521502,NPO Kennis,Stichting NTR,≤100
142715532419784,Het Financieele Dagblad,FD Mediagroep B.V.,≤100
403475303047383,Oikocredit Nederland,Oikocredit Nederland,≤100
158944324185744,Defence for Children,Defence for Children,≤100
117483088313381,CIWF Nederland,CIWF Nederland,≤100
111199435097484,Nederlandkalverland.nl,Nederlandkalverland.nl,≤100
121719834601889,FNV Vakbond,FNV Vakbond,≤100
83439828234,Milieudefensie,Milieudefensie,≤100
201751609836046,Dokters van de Wereld (NL),Dokters van de Wereld,≤100
130133230331245,Wereld Natuur Fonds - WWF,Wereld Natuur Fonds - WWF,≤100
1586038428202115,Siriz,Stichting Siriz,≤100
118754531489898,Artsen zonder Grenzen,Artsen zonder Grenzen Nederland,≤100
107898832590939,European Commission,European Commission,≤100
208250375865238,Woord en Daad,Stichting Woord en Daad,≤100
281600435192259,Fonds Slachtofferhulp,Stichting Fonds Slachtofferhulp,≤100
178362315106,European Parliament,European Parliament,≤100
120184871378246,Aidsfonds,Aidsfonds,≤100
34880713930,ACN - Kerk in Nood,Kerk in Nood Nederland,≤100
132756496757300,Leprastichting,These ads ran without a disclaimer,≤100
241624236360646,Boeren Buren,Boeren Buren,≤100
665910933577776,HUMAN,Human,≤100
132031878648,Natuurmonumenten,Vereniging tot Behoud van Natuurmonumenten in Nederland,≤100
189701254384965,Eneco,Eneco,≤100
183747651651348,Hivos,Hivos,≤100
447218628670592,UNHCR Nederland,UNHCR Nederland,≤100
139858509373289,UNICEF Nederland,Unicef Nederland,≤100
177508708941577,Milieu Centraal,Milieu Centraal,≤100
108569272275857,Blij van Zuivelvrij,Stichting Dier&Recht,≤100
160400273981305,Het Actiefonds,Het Actiefonds,≤100
285512534937,Terre des Hommes Nederland,Terre des Hommes Nederland,≤100
222029491143966,Free Press Unlimited,Free Press Unlimited,≤100
101210895462209,aholddelhaize,aholddelhaize,≤100
105339817717917,Gezin in Gevaar,Stichting Civitas Christiana,≤100
38957713985,VPRO,VPRO,≤100
141689092670478,Open Doors,These ads ran without a disclaimer,≤100
100455310014019,Solidaridad,Solidaridad,≤100
164448196903465,Simavi,Simavi,≤100
115027651906533,Wakker Dier,Wakker Dier,≤100
112530232090434,NPO Start,NPO,≤100
198486356863605,Longfonds,Longfonds,≤100
128869313810652,Eerlijke Geldwijzer,Eerlijke Geldwijzer,≤100
488054904564547,ifaw,Stichting IFAW,≤100
165625476919894,CNV Vakmensen,CNV Vakmensen,≤100
101643152310583,Werken bij Arts en Zorg Groep,These ads ran without a disclaimer,≤100
108588405832078,Amref Flying Doctors NL,Amref Flying Doctors NL,≤100
194274617259054,Reformatorisch Dagblad,Reformatorisch Dagblad,≤100
1550088745275913,DENK,DENK,≤100
404247949634770,CARE Nederland,CARE Nederland,≤100
116709535026239,Debatpodium Arminius,Stichting Arminius / Debatpodium Arminius,≤100
147683725284795,Mercy Ships Holland,Mercy Ships Holland,≤100
139829465882081,wtfff.nl,Stichting Fonds Slachtofferhulp,≤100
354196741370845,Brandpunt+,KRO-NCRV,≤100
270788920480,Europees Parlement Nederland,Liaisonbureau Europees Parlement Nederland,≤100
143686555666670,Trees for All,Trees for All,≤100
396013934270476,Stichting School & Veiligheid,Stichting School en Veiligheid,≤100
195386463835527,Milieudefensie Jong,Milieudefensie,≤100
100169997009,Proefdiervrij,Stichting AVS Proefdiervrij,≤100
100565199762601,ihsane.t,These ads ran without a disclaimer,≤100
93833638834,Plan International NL,Plan International NL,≤100
102309449458354,Вечерние Новости,These ads ran without a disclaimer,≤100
114824741963035,Kom over en help,St. Kom over en help,≤100
393447648064151,GivingTuesday The Netherlands,GivingTuesday The Netherlands,≤100
560822223989381,European Christian Political Movement,European Christian Political Movement,≤100
269793629749221,ZOA,ZOA,≤100
128393027527,SP,SP,≤100
111321712301910,Heifer Nederland,Heifer Nederland,≤100
427755143980473,Visitlapalma_UK,These ads ran without a disclaimer,≤100
105539054523015,Futureproof NL,Futureproof,≤100
146354402043167,Stichting het Gehandicapte Kind,Nederlandse Stichting voor het Gehandicapte Kind,≤100
134631419999526,Philips,These ads ran without a disclaimer,≤100
144938055520551,Rabobank,These ads ran without a disclaimer,≤100
107384152468785,Materia 2.0,These ads ran without a disclaimer,≤100
101799505029345,Vie,Vie,≤100
180532465311930,Rode Kruis,Rode Kruis,≤100
349312760804,World Vision Nederland,World Vision NL,≤100
381900052427511,Onze Delta,These ads ran without a disclaimer,≤100
584171988329821,Het Vergeten Kind,These ads ran without a disclaimer,≤100
297779776717,KPN,KPN,≤100
470919559742826,Meld Misdaad Anoniem,Meld Misdaad Anoniem,≤100
279322925441065,Vastenactie,Vastenactie,≤100
321143681284995,Adb RADAR,ADB Radar,≤100
391431417552066,Let's Talk - Libresse NL,These ads ran without a disclaimer,≤100
52156396459,Workhuman,These ads ran without a disclaimer,≤100
106306277873393,Ade Dehye,These ads ran without a disclaimer,≤100