﻿Page ID,Page name,Disclaimer,Amount spent (PEN)
101665683225827,José Luna Gálvez - Pepe Luna,José Luna Gálvez - Pepe Luna,503
140830679119546,Faces of flowers,These ads ran without a disclaimer,≤100
197915158409,Amnistía Internacional Perú,Amnistía Internacional Perú,≤100
128050720392459,Swiming,These ads ran without a disclaimer,≤100
346829165513127,Compromiso Médico por el Perú,Compromiso Médico por el Perú,≤100
122710080930270,Cheese making,These ads ran without a disclaimer,≤100
117522224660287,El Huachiman,These ads ran without a disclaimer,≤100
168769319648659,Business Networking Directory,These ads ran without a disclaimer,≤100
134437779752348,Art cafe,These ads ran without a disclaimer,≤100
264223880347121,Lampadia Oficial,LAMPADIA,≤100
119885034548322,Making jewellery,These ads ran without a disclaimer,≤100
145605348814317,Centro Cultural Petroperú,Centro Cultural Petroperú,≤100
433251497093145,Digna Calle,Digna Calle,≤100
317113615022843,César Acuña,César Acuña,≤100
122060420999461,Art cafe,These ads ran without a disclaimer,≤100
389976681048925,ECMIA,Enlace Continental de Mujeres Indígenas de las Américas,≤100
462790453744032,Sutep,Sindicato Unitario de Trabajadores en la Educación del Perú - SUTEP,≤100
102251592774261,Coalición Ciudadana,Coalición Ciudadana,≤100
1438301896418216,Sumate Consejo Regional III Lima,Sumate Consejo Regional III Lima,≤100
534284396949027,Ilich López,Ilich López,≤100
113857973395461,Luis Angel Aragón - Congresista de la República,Luis Angel Aragón - Congresista de la República,≤100
142062936237878,Goberna,Goberna,≤100
101053675911037,Fabri & Asociados Consultoría Política y de Mercadeo,Fabri & Asociados Consultoría Política y de Mercadeo,≤100
157846834068539,Javier Daza - Máximo beneficio,These ads ran without a disclaimer,≤100
100330785132565,Saca tu cuenta,Asociación Contribuyentes por Respeto,≤100
342664855864,Consorcio de Investigación Económica y Social,Consorcio de Investigación Económica y Social,≤100
100172795624738,Ranya Luxe,These ads ran without a disclaimer,≤100
443071692524907,Qosqo Times,Qosqo Times,≤100
115378978323708,Pepe Feria,Pepe Feria,≤100
100823508506211,Bancada Acción Popular,Bancada Acción Popular,≤100
109157742287718,Identidad Integradora Nuevo Tahuantinsuyo,Identidad Integradora Nuevo Tahuantinsuyo,≤100
105880532311447,Experto en Ingeniería,These ads ran without a disclaimer,≤100
1805183599788143,Silvia Monteza,Silvia Monteza,≤100
102884431300214,Somos Libres,Somos Libres,≤100
114641937800685,Rafael Gastón Santos Normand,Merino Abanto,≤100
175733428947394,Compromiso Médico por el Perú Chimbote 2024 - 2027,MARKINTEC,≤100
446915625816136,Segundo Montalvo,Segundo Montalvo,≤100
2158705691014951,Hartos De Corrupción,Hartos De Corrupción,≤100
447831545247260,Audi Latinoamérica,These ads ran without a disclaimer,≤100
1654395531520143,Martin Paredes Lostaunau,Martin Paredes Lostaunau,≤100
1464723523765306,BUHO Mirador,These ads ran without a disclaimer,≤100
196140697656186,Len Corell,Len Corell,≤100
113277068057023,Cas Regular Asistencial MINSA,Cas Regular Asistencial MINSA,≤100
1536375629973878,Prensa La Eskina,La Eskina Ediciones EIRL,≤100
107290784647450,HB Abogados,HB Abogados,≤100
180519815314343,Grupo Propuesta Ciudadana,Grupo Propuesta Ciudadana,≤100
772887689429959,En Jaque Noticias,En Jaque Noticias,≤100
115363288200059,Henrique M. Lopes,These ads ran without a disclaimer,≤100
1798435720478073,新華香港,These ads ran without a disclaimer,≤100
227622537655549,CGTN en Español,These ads ran without a disclaimer,≤100
110975594094659,Icacip Peru,These ads ran without a disclaimer,≤100
104723341438240,EnRumbo Noticias,EnRumbo Noticias,≤100
106358828536567,Cebicheria Nocturna El Globo,These ads ran without a disclaimer,≤100
103641029273278,Germán Tacuri - Congresista,Germán Tacuri - Congresista,≤100
157330390800282,Noticias actuales,Lima dia a dia,≤100
348099636296504,Amado Ruiz Rocha,These ads ran without a disclaimer,≤100
102009868271044,Noticias Piura,Noticias Piura,≤100
102121805174324,Elvis Vergara Mendoza,Elvis Vergara Mendoza,≤100
348918111931815,Videnza Consultores,Videnza Consultores,≤100
108851875254239,Investiga Digital,These ads ran without a disclaimer,≤100
200857600643943,Intercambio,Compañía de Jesús Provincia Del Perú,≤100
108623321773752,Más Noticias Cix,These ads ran without a disclaimer,≤100
209596159055433,Clase Ejecutiva UC,These ads ran without a disclaimer,≤100
211159199053043,Punto de Encuentro,Punto de Encuentro,≤100
114404514926433,Lions Hunt Academy,These ads ran without a disclaimer,≤100
801851913192047,Colegio De Psicólogos Del Perú - Consejo Directivo Nacional,These ads ran without a disclaimer,≤100
595747177176077,Edmundo Del Aguila,Edmundo Del Aguila,≤100
116821823496875,Naturalezahermana,These ads ran without a disclaimer,≤100
113196861596208,Walter Hupiu Tapia,These ads ran without a disclaimer,≤100
502071360259329,De Todo Stores Perú,These ads ran without a disclaimer,≤100
107566262234147,Yoel Barreto,These ads ran without a disclaimer,≤100
233943790279421,Jaime Salomón,Jaime Salomón,≤100
233907653731511,Fuego Cruzado en Chincha,Fuego Cruzado en Chincha,≤100
117819994612153,Congresista Flores Ancachi JORGE LUIS,Congresista Flores Ancachi JORGE LUIS,≤100
155333031727098,Periodismo urbano,These ads ran without a disclaimer,≤100
117184641483868,NuevasVoces Distrito H-1 Perú,These ads ran without a disclaimer,≤100
459742357428274,Salud en Casa,These ads ran without a disclaimer,≤100
108345144391122,Vamospalcampo,These ads ran without a disclaimer,≤100
107984622247256,rosalbawong,These ads ran without a disclaimer,≤100
156386327712435,"Acciona.org, The Energy & Water Foundation",These ads ran without a disclaimer,≤100
109747967277660,Enoch Marshals,These ads ran without a disclaimer,≤100
945061432233931,Mission Moms Latam,These ads ran without a disclaimer,≤100
148572478319942,Art cafe,These ads ran without a disclaimer,≤100
108202298520665,Tatiana Safar,These ads ran without a disclaimer,≤100
103329418960692,Energies MDPI,These ads ran without a disclaimer,≤100
103886725073257,Kpop4Planet,These ads ran without a disclaimer,≤100
182410365302083,Haynes Kaiya,These ads ran without a disclaimer,≤100