﻿Page ID,Page name,Disclaimer,Amount spent (JPY)
131948080004991,Toby Mills,These ads ran without a disclaimer,14134
475681929154100,国連UNHCR協会,国連UNHCR協会,7824
130520226815269,Russell Hale,These ads ran without a disclaimer,6823
129689713566367,Caleb Mullins,These ads ran without a disclaimer,5812
172980666081766,Seminars セミナーズ,ラーニングエッジ株式会社,4679
107152634861264,保育求人ガイド,These ads ran without a disclaimer,4238
1904070096535109,スマート選挙,株式会社センキョ,3982
110058508784307,ライズ・アップ・ジャパン,株式会社経営科学出版,2953
130454270141637,T'order Japan,These ads ran without a disclaimer,1233
208661552479830,日本財団,日本財団,1014
260645023960983,شركة قباء للتجارة والاستيراد (عبودة حسن),These ads ran without a disclaimer,909
129199120282137,Kate Carlson,These ads ran without a disclaimer,909
406120989814062,スマルナ,These ads ran without a disclaimer,868
265075920177069,陸上自衛隊 Japan Ground Self-Defense Force,陸上自衛隊 Japan Ground Self-Defense Force,666
103080282128376,Geeky-bistre-armadillo,These ads ran without a disclaimer,561
108528618708745,bellezacler,These ads ran without a disclaimer,522
108292718283394,Efsdas,These ads ran without a disclaimer,467
196901713495794,株式投資コラム,These ads ran without a disclaimer,296
101822819595285,野村證券,These ads ran without a disclaimer,296
131657143373637,株式投資コラム,These ads ran without a disclaimer,296
141210855739560,Yvette Jackson,These ads ran without a disclaimer,296
104770858104647,公益財団法人 資生堂子ども財団,公益財団法人 資生堂子ども財団,276
104533215755145,ZOE_Japan,ZOE Japan,198
2574464225938015,Virgin Music Japan,These ads ran without a disclaimer,190
151664554699981,株式投資アドバイス-,These ads ran without a disclaimer,180
193546597165060,Dasrk.online1,These ads ran without a disclaimer,148
150376468162983,株式トレンドハンター,These ads ran without a disclaimer,148
144169765441032,株式市場の動向分析,These ads ran without a disclaimer,148
172626552602678,株式投資コラム,These ads ran without a disclaimer,148
168718176325050,Tulie1,These ads ran without a disclaimer,148
109658422240176,CiCi JP,These ads ran without a disclaimer,148
158392194024201,S B I 証 券,These ads ran without a disclaimer,148
152259037960962,桐谷 広人,These ads ran without a disclaimer,148
104346428317738,松井証券,These ads ran without a disclaimer,148
102648741762002,三木谷ひろしⅢ,These ads ran without a disclaimer,148
100473859813361,株式市場情報ネットワーク,These ads ran without a disclaimer,148
288567604886214,SBI 証券,These ads ran without a disclaimer,148
176178745573084,三菱ufj証券,These ads ran without a disclaimer,148
289292898267264,野村證券,These ads ran without a disclaimer,148
119172337947860,Jkmva,These ads ran without a disclaimer,148
156004224271002,村上財団,These ads ran without a disclaimer,148
116674196380656,投資の知識庫,These ads ran without a disclaimer,148
122097870704016721,Mervyn,These ads ran without a disclaimer,108
1709294665981463,東京ガス「ウチコト」,These ads ran without a disclaimer,104
100199881840737,Minghui Japan（ミンフイ　ジャパン）ー明慧日本,明慧日本,≤100
381764549348654,Todo Para La Escuela Hmo - Lily Quiñones,These ads ran without a disclaimer,≤100
132468856610936,SBI証券,These ads ran without a disclaimer,≤100
100548149503126,人生初のモテ期,These ads ran without a disclaimer,≤100
161777623682184,Dsjushop01,These ads ran without a disclaimer,≤100
167308236471888,SBI 証券,These ads ran without a disclaimer,≤100
111452503958244,桐谷 広人,These ads ran without a disclaimer,≤100
106227181264625,京都府広報課,attolux,≤100
130489613491747,株式投資コラム,These ads ran without a disclaimer,≤100
881025135256351,Japan In-depth,Japan In-depth,≤100
426066160888455,ジャッグジャパン株式会社,ジャッグジャパン株式会社,≤100
151214938794853,ミエセン,ジャッグジャパン株式会社,≤100
1812425055659979,介護ワーカー,These ads ran without a disclaimer,≤100
165602656641024,SBI 証券,These ads ran without a disclaimer,≤100
106789967934889,Moction,These ads ran without a disclaimer,≤100
112167395282832,個別教室のトライ,These ads ran without a disclaimer,≤100
102492335749487,東京綜學院,These ads ran without a disclaimer,≤100
169085959623709,SBI 証券,These ads ran without a disclaimer,≤100
145454651992024,PolitiClip,ジャッグジャパン株式会社,≤100
208685479508187,U-Report Global,These ads ran without a disclaimer,≤100
148071468383506,かのう陽之助【衆議院大阪10区（高槻市・島本町）】,自由民主党大阪府第１０選挙区支部,≤100
115188518283194,りりか,These ads ran without a disclaimer,≤100
676655469036670,松下政経塾,松下政経塾,≤100
1521440108163632,森永 卓郎,These ads ran without a disclaimer,≤100
172396565957849,エキスパートchatgptの活用法,These ads ran without a disclaimer,≤100
114564043562052,SDGs Online FESTA,SDGs Online FESTA,≤100
179622991897528,Daske2,These ads ran without a disclaimer,≤100
148382341699271,SBI 証券,These ads ran without a disclaimer,≤100
104455309192471,日本ペットフード,These ads ran without a disclaimer,≤100
112308370398223,味の素ダイレクト,These ads ran without a disclaimer,≤100
105714186137610,ビズリーチ (BizReach),These ads ran without a disclaimer,≤100
393806077459264,D by DADWAY,These ads ran without a disclaimer,≤100
162043510334216,株式投資コラム,These ads ran without a disclaimer,≤100
102987296228220,peak_vegan,These ads ran without a disclaimer,≤100
561163054057316,最新の株価急騰予測,These ads ran without a disclaimer,≤100
162770020571077,都城市役所,These ads ran without a disclaimer,≤100
2045421602214435,"Hubble,Inc.",These ads ran without a disclaimer,≤100
197690373597331,Sembear合同会社,These ads ran without a disclaimer,≤100
178174742240573,ラフォーレ原宿,These ads ran without a disclaimer,≤100
111773258527502,Kiyasume,These ads ran without a disclaimer,≤100
105424640803008,TRT World Forum,These ads ran without a disclaimer,≤100
110387121723186,mid_nail_tips,These ads ran without a disclaimer,≤100
444554816277616,エムエム総研_ビジネストランスフォーメーションDiv.,These ads ran without a disclaimer,≤100
1478930005708038,TomorroWoman,These ads ran without a disclaimer,≤100
109168228813994,kto.kantabi,These ads ran without a disclaimer,≤100
117415048283003,株式会社オーネット,These ads ran without a disclaimer,≤100
102571509119893,ふくちゃん。ポリ袋便利術,These ads ran without a disclaimer,≤100
102777272855502,Huỳnh Ngọc Sơn,These ads ran without a disclaimer,≤100
106579078792564,リメディ株式会社,These ads ran without a disclaimer,≤100
1145907225583729,コンサル型税理士 松川幸弘,These ads ran without a disclaimer,≤100
148071468383506,かのう陽之助【衆議院大阪10区（高槻市・島本町）】,自由民主党大阪府大０選挙区支部,≤100
230828447105218,武将ジャパン,These ads ran without a disclaimer,≤100
188648197814062,週刊エコノミスト編集部,These ads ran without a disclaimer,≤100
230159213680279,フロンティア技研,These ads ran without a disclaimer,≤100
109237080994465,TRANG TRẦN  VÉ,These ads ran without a disclaimer,≤100
189197791113268,宝酒造,These ads ran without a disclaimer,≤100
1010178119029123,Reformas de Casas - Marcelo,These ads ran without a disclaimer,≤100
1161978110634029,コミュラボ,These ads ran without a disclaimer,≤100
2486537344906525,CALL4,These ads ran without a disclaimer,≤100
108473385350683,三木谷浩史の投資ルール,These ads ran without a disclaimer,≤100
106416915066495,Curso Genially Pasto,These ads ran without a disclaimer,≤100
109967174746617,Simmons Randy,These ads ran without a disclaimer,≤100
174063102446968,Jhnishop03,These ads ran without a disclaimer,≤100
111364988423384,森永 卓郎,These ads ran without a disclaimer,≤100
120084144524996,堀江贵文の投資ルール,These ads ran without a disclaimer,≤100
177874615400890,S B I 証券,These ads ran without a disclaimer,≤100
105253937483691,Mohamed bin Zayed University of Artificial Intelligence,These ads ran without a disclaimer,≤100
110840792016784,野村證券,These ads ran without a disclaimer,≤100
113977728360568,Dinosaur Fight Għidli,These ads ran without a disclaimer,≤100
171463296045043,Cumings Robert,These ads ran without a disclaimer,≤100
157867524067340,株式投資アドバイス-,These ads ran without a disclaimer,≤100
165440089991994,SBI 証券,These ads ran without a disclaimer,≤100
186053497916269,株式投資マスター,These ads ran without a disclaimer,≤100
679252682160759,三木 谷浩史,These ads ran without a disclaimer,≤100
169801556218791,Qian172 us,These ads ran without a disclaimer,≤100
102340049639693,セブン証券投資,These ads ran without a disclaimer,≤100
19746387261,Humane Society International,These ads ran without a disclaimer,≤100
157144137476927,プロの投資管理,These ads ran without a disclaimer,≤100
130922933446713,森ふゆこ】,These ads ran without a disclaimer,≤100
118321108040539,Sertyj.shop3,These ads ran without a disclaimer,≤100
100458398389138,三菱ufj株式投資,These ads ran without a disclaimer,≤100
115382045002215,SBI 証券,These ads ran without a disclaimer,≤100
104897268381196,LeNovel,These ads ran without a disclaimer,≤100
172475239963245,日本の株式クラブ,These ads ran without a disclaimer,≤100
151979791339884,Fakeyio2,These ads ran without a disclaimer,≤100
193064217215501,株式投資コラム,These ads ran without a disclaimer,≤100
269979477968,Tracy Anderson Method,These ads ran without a disclaimer,≤100
105313481885547,SBI 証券,These ads ran without a disclaimer,≤100
167198539803710,Jhnishop01,These ads ran without a disclaimer,≤100
101718952256715,Bùi Hương,These ads ran without a disclaimer,≤100
131378876734899,SBI 証券,These ads ran without a disclaimer,≤100
115153444991642,楽天証券 - 証券会社,These ads ran without a disclaimer,≤100
154046357797398,Clary Rebecca,These ads ran without a disclaimer,≤100
103060721512080,SBI証券,These ads ran without a disclaimer,≤100
109613511418895,三木谷 浩史,These ads ran without a disclaimer,≤100
178991855295727,株式市場の投資ルール,These ads ran without a disclaimer,≤100
114245463674631,投資の知識庫,These ads ran without a disclaimer,≤100
177244779069701,SBI 証券,These ads ran without a disclaimer,≤100
173586895836510,Adelaide Copperfield,These ads ran without a disclaimer,≤100
102771612198932,優良株選定,These ads ran without a disclaimer,≤100
222485814450922,森永卓郎の投資ルール,These ads ran without a disclaimer,≤100
165621989971889,ライオン兄さん,These ads ran without a disclaimer,≤100
112928915247337,インカムラボ,These ads ran without a disclaimer,≤100
101837288924546,Muslimi,These ads ran without a disclaimer,≤100
717681928419714,日テレ株式news,These ads ran without a disclaimer,≤100
175356722319532,SBI 証券,These ads ran without a disclaimer,≤100
133209779871373,森永卓郎の投資ルール,These ads ran without a disclaimer,≤100
102914439442123,株式投資マスター,These ads ran without a disclaimer,≤100
100427395037952,みきたに · ひろし,These ads ran without a disclaimer,≤100
177032222153377,株式市場の動向分析,These ads ran without a disclaimer,≤100
184968741355925,Dhgdustock-4,These ads ran without a disclaimer,≤100
176024385586587,Rogers Matthew,These ads ran without a disclaimer,≤100
212482982246222,SBI證券,These ads ran without a disclaimer,≤100
141408602395479,楽天証券,These ads ran without a disclaimer,≤100
158600184010449,株式トレンドハンター,These ads ran without a disclaimer,≤100
185651351292724,"Phong Thủy Sarawut Phanichai - Chiêu Tài Hút Lộc , Tình Duyên Như Ý",These ads ran without a disclaimer,≤100
103485468846363,桐谷広人,These ads ran without a disclaimer,≤100
361104207404432,東京證券取引所,These ads ran without a disclaimer,≤100
107637758078269,Chance memory,These ads ran without a disclaimer,≤100
126132713927197,Lynn Augustine,These ads ran without a disclaimer,≤100
219592563384715,楽天証券,These ads ran without a disclaimer,≤100
105305612477661,easytomorrow,These ads ran without a disclaimer,≤100
167046320399855,証券協会-大竹一義,These ads ran without a disclaimer,≤100
115268378313545,Rakuten 楽天証券,These ads ran without a disclaimer,≤100
100589585509147,いけがみ あきら,These ads ran without a disclaimer,≤100
170246526164221,ひげづら株ちゃんねる.,These ads ran without a disclaimer,≤100
178376968683734,桐谷広人,These ads ran without a disclaimer,≤100
470317716842019,SBI 証券,These ads ran without a disclaimer,≤100
104593712305040,Gleefulyou-3,These ads ran without a disclaimer,≤100
181313671721864,Ghafegqwhxcz,These ads ran without a disclaimer,≤100
110612118403315,Siegfried Annals,These ads ran without a disclaimer,≤100
131374006729816,투자의신,These ads ran without a disclaimer,≤100
1574777699420352,楽天証券投資,These ads ran without a disclaimer,≤100
123261447542650,株取引 CC,These ads ran without a disclaimer,≤100
183784108140924,𝐏𝐢𝐜𝐤𝐬 𝐟𝐨𝐫 𝐬𝐨𝐚𝐫𝐢𝐧𝐠 𝐬𝐭𝐨𝐜𝐤𝐬,These ads ran without a disclaimer,≤100
164698433383076,Thamaravelil Philip,These ads ran without a disclaimer,≤100
149234291614412,Ollie1121YM-2,These ads ran without a disclaimer,≤100
170707086121339,森ふゆこ】,These ads ran without a disclaimer,≤100
122101886060009126,Oriana,These ads ran without a disclaimer,≤100
120811001126591,株式アナリスト,These ads ran without a disclaimer,≤100
151394308065190,Jakterana,These ads ran without a disclaimer,≤100
110466165111591,SBI証券,These ads ran without a disclaimer,≤100
137637119434921,株歴35年の投資講座,These ads ran without a disclaimer,≤100
112659765274777,ゼロから始める株式投資webセミナー,These ads ran without a disclaimer,≤100