﻿Page ID,Page name,Disclaimer,Amount spent (VND)
681435755539920,"LatourLaw - Văn Phòng Luật Mỹ, Canada",These ads ran without a disclaimer,200405
105845511087981,TRUYỀN HÌNH AN VIÊN,Truyền hình Bchannel - BTV9 An Viên,145905
1420686158260753,Mọt Sách BookStore,These ads ran without a disclaimer,143820
116985491494949,GM Invest - Tối Ưu Giải Pháp Đầu Tư,CÔNG TY TNHH KẾT NỐI ĐẦU TƯ GM,41153
178611782000551,Dịch Vụ Huy Hùng,These ads ran without a disclaimer,36379
118658131322464,"Invilac D3K2 - Cùng Con Ngủ Ngon, Cao Lớn",These ads ran without a disclaimer,26755
179675048560463,Tin Tuc Moi Nhat 24/7,These ads ran without a disclaimer,24261
159385977248107,Sức Khỏe Cho Gia Đình,These ads ran without a disclaimer,21246
190093797512760,Dịch Vụ Phương Hoàng,These ads ran without a disclaimer,20978
107607795775010,4Ask - AI Giải bài tập tiếng Anh,These ads ran without a disclaimer,13238
1798435720478073,新華香港,These ads ran without a disclaimer,12852
101660069123848,Team Mọt Sách,These ads ran without a disclaimer,12838
108323122175929,Cấp S.ố Lô Chuẩn KQXS Miền Bắc-Phí S.ố Sau Giờ Quay Uy Tín,These ads ran without a disclaimer,10726
105509655484008,Pham quang Vinh,These ads ran without a disclaimer,7625
103998465772842,Trần Quốc Tuấn,These ads ran without a disclaimer,7428
109385691839,Alpha Books,These ads ran without a disclaimer,5759
134581319747852,Du học Đài Loan New World,These ads ran without a disclaimer,5123
185267064665395,Dịch Vụ Làm GIẤY TỜ - Mr Anh Đức,These ads ran without a disclaimer,3815
178715521988721,Dịch Vụ Trung Kiên,These ads ran without a disclaimer,3544
117281170962658,Sách Văn Học Cổ,These ads ran without a disclaimer,3293
142361135636277,Trảm Hồn Đại Chiến: Soul War,These ads ran without a disclaimer,2917
100408039323168,Lương Y Phạm Bá Tuân,These ads ran without a disclaimer,2779
522645624501598,ĐỒNG PHỤC HAGU,ĐỒNG PHỤC HAGU,2605
180987918428772,Đại đức Giảng sư - Thích Trí Huệ,These ads ran without a disclaimer,2289
1109903595767506,Việc Làm Nhật Bản-Khu Vực Miền Trung,These ads ran without a disclaimer,2192
129862280216488,Cửa hàng Bảo Lâm,These ads ran without a disclaimer,2058
117847081207964,Phạm Đức Khiêm,"©️ Finstock & Sixth Street Partners (US, Vietnam)",2030
102209265952120,Khớp Tây Bắc - Cs3,These ads ran without a disclaimer,2024
102794609223366,Tiệm sách Cổ Xưa,These ads ran without a disclaimer,1800
251844560040085,Sách Hay Mỗi Ngày,These ads ran without a disclaimer,1776
102309589166505,Trí Tuệ Books,These ads ran without a disclaimer,1692
104676962204196,Tủ Sách Trí Tuệ,These ads ran without a disclaimer,1655
208685479508187,U-Report Global,These ads ran without a disclaimer,1213
171658726025615,Русские часы,These ads ran without a disclaimer,1148
1417674861820359,Tick & Pick,These ads ran without a disclaimer,1090
107054883989521,Free Fire Lovers,These ads ran without a disclaimer,1086
129995920207924,Dịch Vụ Anh Ngữ - Thanh Toán Khi Nhận Chứng Chỉ,These ads ran without a disclaimer,942
139655565891180,Phạm Giang - Bằng Cấp Chứng Chỉ Giá Rẻ 1,These ads ran without a disclaimer,915
101059784967846,Văn Phòng Luật Sư CAO TIẾN TÀI,These ads ran without a disclaimer,584
117847081207964,Phạm Đức Khiêm,Finstock Joint Stock Company (Global) ♾️,556
103169679278532,Hue Kim,These ads ran without a disclaimer,544
130233404302747,Đại học Thái Nguyên hệ trực tuyến,These ads ran without a disclaimer,504
170098326186671,Thượng Toạ Thích Tuệ Hải - Trụ Trì Chùa Long Hương Tự,These ads ran without a disclaimer,467
146414665225468,Hỗ Trợ Các Loại Giấy Tờ - Bằng Cấp Mr Hoàng 3,These ads ran without a disclaimer,441
153464615307,DienAnh.Net,These ads ran without a disclaimer,428
125520317310191,Sử Việt - Sách Xưa,These ads ran without a disclaimer,400
136061566263452,Dịch Vụ Giấy Tờ Ben,These ads ran without a disclaimer,328
112306035308382,Sử Việt Sách Hiếm,These ads ran without a disclaimer,301
105569887715741,Cổng Nhôm Đại Dương,These ads ran without a disclaimer,234
124535457413771,Phạm Giang - Bằng Cấp Chứng Chỉ Giá Rẻ 2,These ads ran without a disclaimer,222
103919552239650,Quyensukiru,These ads ran without a disclaimer,217
105600091890218,Đọc Sách Mỗi Ngày,These ads ran without a disclaimer,184
117847081207964,Phạm Đức Khiêm,Công ty Cổ phần Finstock,181
103987052799495,Bồi Dưỡng Chứng chỉ Bảo mẫu - Cấp dưỡng - Quản lý Mầm non,These ads ran without a disclaimer,172
103456746160653,Đạt phát chuyên đất đầu tư 0819755145,These ads ran without a disclaimer,169
109954668858395,Ngành Ngôn ngữ Anh - Đại Học Mở Hà Nội EHOU,These ads ran without a disclaimer,165
399123090502456,情報経営イノベーション専門職大学,These ads ran without a disclaimer,164
703199949763169,Cục Du lịch Quốc gia Việt Nam,These ads ran without a disclaimer,119
123015157563902,Kho sách - Sử Việt Trường Tồn,These ads ran without a disclaimer,≤100
104379975745824,Thích Hoà Hải Thiền Sư,These ads ran without a disclaimer,≤100
672759139574707,Pang Mỹ Nguyên,These ads ran without a disclaimer,≤100
101203429485426,Panstar Cruise,These ads ran without a disclaimer,≤100
108200411885981,"Shop Tiền Kỷ Niệm, Sinh Nhật",These ads ran without a disclaimer,≤100
183898949084,Nhã Nam,These ads ran without a disclaimer,≤100
208371683037269,NBCU Catalyst,These ads ran without a disclaimer,≤100
158714780827513,UNFPA,These ads ran without a disclaimer,≤100
124021947463817,Sách Quý Chú Ba,These ads ran without a disclaimer,≤100
167820956418711,Monwin2-112701,These ads ran without a disclaimer,≤100
104189925564284,Sách Tổng Hợp,These ads ran without a disclaimer,≤100
161666143844859,Sandvik,These ads ran without a disclaimer,≤100
842484635804171,International Expert,These ads ran without a disclaimer,≤100
9179830029,Queen Mary University of London,These ads ran without a disclaimer,≤100
105269258108591,EGCO Group,These ads ran without a disclaimer,≤100