﻿Page ID,Page name,Disclaimer,Amount spent (USD)
171521449877169,Жамбалын Ганбаатар,Жамбалын Ганбаатар,≤100
432631430124962,Uchral Nyam-Osor,Uchral Nyam-Osor,≤100
319426791557018,Бямбацогт Сандаг,Бямбацогт Сандаг,≤100
1715979395313134,ХҮН нам,ХҮН нам,≤100
218413031955878,ЭЛБЭТ ус халаагчтай угаалтуур,ЭЛБЭТ ус халаагчтай угаалтуур,≤100
454746178067182,Purevdorj Bukhchuluun,Purevdorj Bukhchuluun,≤100
1461810564127423,Эерэг Чингэлтэйчүүд,These ads ran without a disclaimer,≤100
350784108330149,Mandal Capital,These ads ran without a disclaimer,≤100
106182671620738,Сүхбаатар дүүргийн Монгол Ардын Намын Хороо,Сүхбаатар дүүргийн Монгол Ардын Намын Хороо,≤100
186196247904995,Нууц баримтууд,These ads ran without a disclaimer,≤100
208685479508187,U-Report Global,These ads ran without a disclaimer,≤100
340017646460452,Эзэнтэй Мэдээ,These ads ran without a disclaimer,≤100
589913688039969,Michigan Online,These ads ran without a disclaimer,≤100
101203429485426,Panstar Cruise,These ads ran without a disclaimer,≤100