﻿Page ID,Page name,Disclaimer,Amount spent (USD)
233603476696460,United Workers Party (Saint Lucia),United Workers Party,434
1409638192624686,Allen Chastanet,Allen Chastanet,355
55788240650,Saint Lucia Labour Party,Saint Lucia Labour Party,299
103771205293248,Same Old Labour,Same Old Labour,237
1041704005884127,Philip J. Pierre,Philip J. Pierre,188
284538805083530,Star Struck,Star Struck,157
1547055452258211,Ernest Hilaire,Ernest Hilaire,151
452604601590409,Herod Stanislas,United Workers Party,102
2330698243884299,Kenson Casimir,Saint Lucia Labour Party,≤100
219422128096619,Dr. Gale T C Rigobert,United Workers Party,≤100
1629123210711989,Office of the Prime Minister of Saint Lucia,Office of the Prime Minister,≤100
1605010136455975,SARAH for Central,United Workers Party,≤100
105483748475364,Christians for Chastanet,Christians for Chastanet,≤100
1399417653716342,Maundy A. L. Lewis,Maundy Lewis,≤100
102731836472226,Lenard Spider Montoute,United Workers Party,≤100
154163327962392,World Health Organization (WHO),These ads ran without a disclaimer,≤100
287683225711,UN Environment Programme,UN Environment Programme,≤100
804997446264798,Chic Me,These ads ran without a disclaimer,≤100
1707489106182181,Shawn Edward,Saint Lucia Labour Party,≤100
28312410177,World Food Programme,These ads ran without a disclaimer,≤100
1409638192624686,Allen Chastanet,These ads ran without a disclaimer,≤100
927663313988581,TM ANTOINE Partners,Creative Forge,≤100
101484011325509,Pauline Antoine-Prospere,Saint Lucia Labour Party,≤100
100432481901357,Jeremiah Norbert,Jeremiah Norbert,≤100
469018963308140,Wayne Girard,Saint Lucia Labour Party,≤100
102436538099511,Sohria Alexander,Reflect The Change,≤100
641894092631800,Poll St Lucia,eMagine Solutions Inc,≤100
79355523842,University of the People,These ads ran without a disclaimer,≤100
68793499001,UNICEF,UNICEF with Facebook Ad Credits,≤100
245215288982461,Edmund Estephane,United Workers Party,≤100
108625789179165,Soi Dog Foundation,These ads ran without a disclaimer,≤100
837299136414434,Moses Jn. Baptiste,Saint Lucia Labour Party,≤100
503951883021764,ShareTheMeal,These ads ran without a disclaimer,≤100
102380502125938,Vote Saint Lucia,These ads ran without a disclaimer,≤100
97320092545,PAHO-WHO,These ads ran without a disclaimer,≤100
107282698570651,"Freedom, Rights Empower Each One",Martin G Parker,≤100
793731480743428,Dominic Fedee,United Workers Party,≤100
245094455536925,FOUR PAWS,These ads ran without a disclaimer,≤100
613727972066781,Unitedpac Saint Lucia,These ads ran without a disclaimer,≤100
105895178157775,Aquaox St. Lucia Ltd.,Aquaox St. Lucia Ltd,≤100
13204463437,"UNHCR, the UN Refugee Agency",These ads ran without a disclaimer,≤100
120956151399785,Nobel Laureate Festival: Saint Lucia,These ads ran without a disclaimer,≤100
105571128340605,Bertrand Johannes,Reflect The Change,≤100
1611053215802977,UBC Master of Engineering Leadership,These ads ran without a disclaimer,≤100
105942588080442,Reflect The Change,Reflect The Change,≤100
230082530337138,Cultural Development Foundation,These ads ran without a disclaimer,≤100
68793499001,UNICEF,These ads ran without a disclaimer,≤100
565108056966122,Curiosity Stream,These ads ran without a disclaimer,≤100
108895892030693,CTA Saint Lucia,These ads ran without a disclaimer,≤100
491940294346314,Bradly Felix,United Workers Party,≤100
107696981365822,You Me & Him,You Me & Him,≤100
216311481960,Bill Gates,These ads ran without a disclaimer,≤100
284538805083530,Star Struck,Germina Y Hippolyte,≤100
1468015706558049,Moodys Tax,These ads ran without a disclaimer,≤100
19746387261,Humane Society International,These ads ran without a disclaimer,≤100
6013004059,The Economist,These ads ran without a disclaimer,≤100
1355426087883151,Crypto.com,These ads ran without a disclaimer,≤100
115215708167689,Patient Information Corner,These ads ran without a disclaimer,≤100
158714780827513,UNFPA,These ads ran without a disclaimer,≤100
155608484462320,Healthy Caribbean Coalition,These ads ran without a disclaimer,≤100
2330698243884299,Kenson Casimir,These ads ran without a disclaimer,≤100
287683225711,UN Environment Programme,UN Environment Programme with Facebook Ad Credits,≤100
288607211258386,ROLEX,These ads ran without a disclaimer,≤100
479285342097950,AeroTime,These ads ran without a disclaimer,≤100
1917715138510680,Follow Your Legend,These ads ran without a disclaimer,≤100
233603476696460,United Workers Party (Saint Lucia),These ads ran without a disclaimer,≤100
933310850194959,Israel Alliance,These ads ran without a disclaimer,≤100
140441793233304,Cooking Madness - A Chef's Game Community,These ads ran without a disclaimer,≤100
477071296024920,Taiwan in Saint Lucia,These ads ran without a disclaimer,≤100
102731836472226,Lenard Spider Montoute,These ads ran without a disclaimer,≤100
274064390845,Organisation of Eastern Caribbean States,These ads ran without a disclaimer,≤100
348866759526475,Gemini Gadgets,These ads ran without a disclaimer,≤100
68793499001,UNICEF,UNICEF,≤100
174669235904729,Sagicor Cave Hill School of Business and Management - The UWI Cave Hill,These ads ran without a disclaimer,≤100
1041704005884127,Philip J. Pierre,These ads ran without a disclaimer,≤100
8057376739,The Nature Conservancy,These ads ran without a disclaimer,≤100
418231608386235,Joachim Andre Henry,These ads ran without a disclaimer,≤100
103286391424486,Developing Dominica,These ads ran without a disclaimer,≤100
115591005188475,Global Times,These ads ran without a disclaimer,≤100
845620825830146,Deel,These ads ran without a disclaimer,≤100
110345887100098,CIJN Caribbean Investigative Journalism Network,These ads ran without a disclaimer,≤100
134200056938950,Travel & Leisure Centre,These ads ran without a disclaimer,≤100
220849685513413,Antigua Breaking News,These ads ran without a disclaimer,≤100
153371894688575,World Bank,These ads ran without a disclaimer,≤100
105609148585858,Light Up St. Lucia,These ads ran without a disclaimer,≤100
182073298490036,Gaia,These ads ran without a disclaimer,≤100
100685148155347,Friends of Confucius,These ads ran without a disclaimer,≤100
339810463063059,Conflict Of Nations : World War 3,These ads ran without a disclaimer,≤100
105947114116292,Photo-Synthesis Designs,These ads ran without a disclaimer,≤100
111993011255841,Saint Lucia Tourism Authority,These ads ran without a disclaimer,≤100
219422128096619,Dr. Gale T C Rigobert,These ads ran without a disclaimer,≤100
119405895873,Huawei,These ads ran without a disclaimer,≤100
105712015594786,Diego Andrade,These ads ran without a disclaimer,≤100
101810071877211,soscarbon,These ads ran without a disclaimer,≤100
481154935643517,Alt Air Travel & Tourism,These ads ran without a disclaimer,≤100
141254455990477,American University of St. Vincent,These ads ran without a disclaimer,≤100
115890592096050,C&W Business,These ads ran without a disclaimer,≤100
107207931828456,Next Thing Technologies,These ads ran without a disclaimer,≤100
251493288215444,National Green Party Saint Lucia - NGP,These ads ran without a disclaimer,≤100
103496105344354,Corporate Sustainability Review,These ads ran without a disclaimer,≤100
719853864726295,Mindvalley,These ads ran without a disclaimer,≤100
1844701205779787,Unexplained on Gaia,These ads ran without a disclaimer,≤100
2206658926222286,julienalleyne,These ads ran without a disclaimer,≤100
1196196390526965,Facebook Surveys,These ads ran without a disclaimer,≤100
323382824692854,Da Gallery,These ads ran without a disclaimer,≤100
175889425769412,BAR-TEK Motorsport,These ads ran without a disclaimer,≤100
109244204824687,Captive Creator,These ads ran without a disclaimer,≤100
169818716857131,The Super Mom Life,These ads ran without a disclaimer,≤100
18523396549,The Church of Jesus Christ of Latter-day Saints,These ads ran without a disclaimer,≤100
687589164666184,MasterClass,These ads ran without a disclaimer,≤100
1883003128429295,Queer Majority,These ads ran without a disclaimer,≤100
357251385085313,Alliance to End Plastic Waste,These ads ran without a disclaimer,≤100
1769843716586707,Caribbean Policy Development Centre - CPDC,These ads ran without a disclaimer,≤100
846866745325392,JILL Media,These ads ran without a disclaimer,≤100
857287714288855,The Church of Jesus Christ of Latter-day Saints - Caribbean,These ads ran without a disclaimer,≤100
103037612492581,Youth Voice of Dominica,These ads ran without a disclaimer,≤100
188785171942158,Bougee Black,These ads ran without a disclaimer,≤100
110273638831026,Brain Boost,These ads ran without a disclaimer,≤100
101894826563370,Sotheby's,These ads ran without a disclaimer,≤100
104777807945566,ashh.lash,These ads ran without a disclaimer,≤100
102635655320437,Number Match - Logic Puzzle Game,These ads ran without a disclaimer,≤100
29056789480,Project Syndicate,These ads ran without a disclaimer,≤100
1013449992051964,Daquan,These ads ran without a disclaimer,≤100
104507962060679,The Best Search,These ads ran without a disclaimer,≤100
12185972707,350.org,These ads ran without a disclaimer,≤100
100773438987835,Standard Industries,These ads ran without a disclaimer,≤100
366173190876055,Jamaica Social Stock Exchange,These ads ran without a disclaimer,≤100
293822978025039,Bleeve Zoe-Unit,These ads ran without a disclaimer,≤100
101484011325509,Pauline Antoine-Prospere,These ads ran without a disclaimer,≤100
235945666565031,Food for Life Global,These ads ran without a disclaimer,≤100
101368738938397,Redefined Kindness,These ads ran without a disclaimer,≤100
119006106155684,PI Energy,These ads ran without a disclaimer,≤100
344063115645237,Independent Nigeria,These ads ran without a disclaimer,≤100
107623225344076,drktpella,These ads ran without a disclaimer,≤100
101149931673756,Webfic new app,These ads ran without a disclaimer,≤100
100374392742057,Weregreenly- Magazine,These ads ran without a disclaimer,≤100
111113447867154,The Daily Dose,These ads ran without a disclaimer,≤100
380058842575096,The Amalgamated with Christ Church-TACchurch,These ads ran without a disclaimer,≤100
1772087343023065,Equals,These ads ran without a disclaimer,≤100
93984918561,Arthur Lok Jack Global School of Business,These ads ran without a disclaimer,≤100
100207168822316,kishoreshallow,These ads ran without a disclaimer,≤100
266790296879,Bloomberg,These ads ran without a disclaimer,≤100
113272014925073,Helpincrisis246,These ads ran without a disclaimer,≤100
220907971269104,CaribVision,These ads ran without a disclaimer,≤100
107356790909972,See You in Heaven,These ads ran without a disclaimer,≤100
257656731794433,The Juggernaut,These ads ran without a disclaimer,≤100
1984620174988993,1945 Air Force,These ads ran without a disclaimer,≤100
193394557345243,Devex,These ads ran without a disclaimer,≤100
525396584321086,Girls' Voices,These ads ran without a disclaimer,≤100
106213828502802,Plentiful Moose House,These ads ran without a disclaimer,≤100
104622121026372,Earth Breeze,These ads ran without a disclaimer,≤100
1885921581623703,ProstaGenix.com,These ads ran without a disclaimer,≤100
101082842736363,The world of reader,These ads ran without a disclaimer,≤100
100858346620905,Udemy,These ads ran without a disclaimer,≤100
1329741273707017,Creative Fabrica,These ads ran without a disclaimer,≤100
565225540184937,CGTN,These ads ran without a disclaimer,≤100
412409048849179,Behold Israel,These ads ran without a disclaimer,≤100
108595372001165,Mega Fun,These ads ran without a disclaimer,≤100
1637307879891739,CARICOM.Energy,These ads ran without a disclaimer,≤100
217849110215707,ROAM Maui,These ads ran without a disclaimer,≤100
111783969059,Tony Robbins,These ads ran without a disclaimer,≤100
221260234736240,Inde Whitehurst,These ads ran without a disclaimer,≤100
101335125357095,Czapp,These ads ran without a disclaimer,≤100
103044085674332,Ukraine Support,These ads ran without a disclaimer,≤100
1744911689126391,12up,These ads ran without a disclaimer,≤100
108383491480436,Have U Heard,These ads ran without a disclaimer,≤100
350063285605302,St. Kitts Nevis Riddim,These ads ran without a disclaimer,≤100
166258896830103,Porto Montenegro,These ads ran without a disclaimer,≤100
112356138180839,Domestic Violence Awareness,These ads ran without a disclaimer,≤100
100752016131980,grandph3thauto,These ads ran without a disclaimer,≤100
106239491985146,Koi Stories,These ads ran without a disclaimer,≤100
1547055452258211,Ernest Hilaire,These ads ran without a disclaimer,≤100
134278719946186,Bayer,These ads ran without a disclaimer,≤100
112757083778788,"Economic Daily, China",These ads ran without a disclaimer,≤100
332743056792820,Haniel Travel Solutions (Pty) Ltd,These ads ran without a disclaimer,≤100
23497828950,National Geographic,These ads ran without a disclaimer,≤100
156376441976906,E-Biome,These ads ran without a disclaimer,≤100
1694446627479899,GBLF - Leaders Summit,These ads ran without a disclaimer,≤100
106827194681183,Africa Equity Media,These ads ran without a disclaimer,≤100
821430017924241,Sungrow,These ads ran without a disclaimer,≤100
103454371495257,Mood Spike,These ads ran without a disclaimer,≤100
1096538887134446,Reuters Plus,These ads ran without a disclaimer,≤100
101351691906645,The Primary Market - News,These ads ran without a disclaimer,≤100
250305668489402,Professor Kenny,These ads ran without a disclaimer,≤100
111900214454395,Bloosom Trend,These ads ran without a disclaimer,≤100
226050070854903,Caribbean Water and Wastewater Association (CWWA),These ads ran without a disclaimer,≤100
295534797500471,Propeterra,These ads ran without a disclaimer,≤100
102522341915814,Mind Lifestyle,These ads ran without a disclaimer,≤100
2227002420885356,Pangea Movement,These ads ran without a disclaimer,≤100
218628402205,Prayer and Action for Children,These ads ran without a disclaimer,≤100
1482884495306077,NaturallyJess Photography,These ads ran without a disclaimer,≤100
101055602163554,Too Cool - Stories,These ads ran without a disclaimer,≤100
107714748645793,Big Buzz,These ads ran without a disclaimer,≤100
101244399085771,Global Farmers Assembly,These ads ran without a disclaimer,≤100
150109206447,UNICEF Uganda,These ads ran without a disclaimer,≤100
249425191947,GIGABYTE,These ads ran without a disclaimer,≤100
152914224736727,Banco Mundial,These ads ran without a disclaimer,≤100
106528855197213,Yes Please,These ads ran without a disclaimer,≤100
110818941452003,Morehackz Stories,These ads ran without a disclaimer,≤100
170042611753,American University of Antigua,These ads ran without a disclaimer,≤100
100617599250020,XuQinduo,These ads ran without a disclaimer,≤100
106532464278807,Caribbean Tree Planting Project,These ads ran without a disclaimer,≤100
155174084508744,Banque mondiale,These ads ran without a disclaimer,≤100
100610619055069,Yasidi Enterprises,These ads ran without a disclaimer,≤100
56501027948,Fortune,These ads ran without a disclaimer,≤100
101535831469644,ITS America Events,These ads ran without a disclaimer,≤100
130046717009497,Caribbean Hotel & Tourism Association,These ads ran without a disclaimer,≤100
563557486990974,Lesbians Who Tech & Allies,These ads ran without a disclaimer,≤100
233285550514052,COMYMBA,These ads ran without a disclaimer,≤100
131443777573895,The Celebritist,These ads ran without a disclaimer,≤100
462848513792011,国家大剧院National Centre for the Performing Arts,These ads ran without a disclaimer,≤100
111934001883608,Emília Anastasia,These ads ran without a disclaimer,≤100
195047610583003,Ehem. MEP Josef Weidenholzer,These ads ran without a disclaimer,≤100
681614015247190,Caribbean National Weekly,These ads ran without a disclaimer,≤100
109845107083417,Bravo novel,These ads ran without a disclaimer,≤100
103733191524431,Liuxininbeijing,These ads ran without a disclaimer,≤100
104668744996219,Success Gazette,These ads ran without a disclaimer,≤100
102093685620627,Best Diplomats,These ads ran without a disclaimer,≤100
104926611720853,Nelly Gicho,These ads ran without a disclaimer,≤100
1216974131650148,Beijing Mutianyu Great Wall,These ads ran without a disclaimer,≤100
880611255347800,Phoenix TV 鳳凰衛視,These ads ran without a disclaimer,≤100
111906467642337,Libri,These ads ran without a disclaimer,≤100
104859131402689,Bag Of Seeds,These ads ran without a disclaimer,≤100
100797858323322,World Bank Philippines,These ads ran without a disclaimer,≤100
107689678120237,INovels_Fansclub,These ads ran without a disclaimer,≤100
95746458800,The Jamaica Observer,These ads ran without a disclaimer,≤100
148180511916629,Belize Electricity Limited,These ads ran without a disclaimer,≤100
176163319122479,Caribbean Telecommunications Union,These ads ran without a disclaimer,≤100
1035049903318977,WinnersTV,These ads ran without a disclaimer,≤100
114981761097479,paracordprada,These ads ran without a disclaimer,≤100
102114825976458,The novels,These ads ran without a disclaimer,≤100
103925538691221,Handcrafted Best,These ads ran without a disclaimer,≤100
1936434949715365,Moneywise.com,These ads ran without a disclaimer,≤100
102530958961150,Mo With The Locs,These ads ran without a disclaimer,≤100
124252504303223,UNICEF (FR),UNICEF avec des crédits publicitaires Facebook,≤100
103286731467883,Psychedelic Spotlight,These ads ran without a disclaimer,≤100
107575635726217,La Friperrinon,These ads ran without a disclaimer,≤100
110611808047532,Entourage Music,These ads ran without a disclaimer,≤100
198317336853861,Qatar Airways,These ads ran without a disclaimer,≤100
146969275374981,Calabash TV,These ads ran without a disclaimer,≤100
1456172994602986,Beacon of Hope,These ads ran without a disclaimer,≤100
101652812813813,Explicitu.,These ads ran without a disclaimer,≤100
394014847308604,The Great Listeners,These ads ran without a disclaimer,≤100
159050394216641,The Jerusalem Post,These ads ran without a disclaimer,≤100
126927444629367,Live Palm Reader,These ads ran without a disclaimer,≤100
110639128230810,Sаfе Ukrаinе,These ads ran without a disclaimer,≤100
101343542689998,winnerssportstv,These ads ran without a disclaimer,≤100
1671662819532975,Who's Using Who?,These ads ran without a disclaimer,≤100
104738421429115,The Black Consciousness Festival,These ads ran without a disclaimer,≤100
167878593236712,UNICEF en español,UNICEF con créditos publicitarios de Facebook,≤100
114407126677837,My Health Gazette,These ads ran without a disclaimer,≤100
104238192067446,Fox'oclock,These ads ran without a disclaimer,≤100
189234534569546,Cape Clasp,These ads ran without a disclaimer,≤100
70877580782,IFC - International Finance Corporation,These ads ran without a disclaimer,≤100
1394801860755000,Klondike Game Fans,These ads ran without a disclaimer,≤100
102253458590533,Canboulay Training & Development,These ads ran without a disclaimer,≤100
122107795658000754,FLORY Green Material,These ads ran without a disclaimer,≤100
111915904643191,Mantra Handmade,These ads ran without a disclaimer,≤100
1986751961549256,SVTV Network,These ads ran without a disclaimer,≤100
589913688039969,Michigan Online,These ads ran without a disclaimer,≤100
102371144884962,TVBee World,These ads ran without a disclaimer,≤100
81239734102,Nobel Prize,These ads ran without a disclaimer,≤100
107935894688657,docfliq,These ads ran without a disclaimer,≤100
315603771494,Milaap,These ads ran without a disclaimer,≤100
1418847414842462,Asia Youth International MUN,These ads ran without a disclaimer,≤100
274138756817,Architonic,These ads ran without a disclaimer,≤100
709430982419756,Thermo King Latinoamérica,These ads ran without a disclaimer,≤100
1589154051350606,FOZ - Friends of Zion Museum,These ads ran without a disclaimer,≤100
504880190000384,Vegan Outfitters,These ads ran without a disclaimer,≤100
106615745485833,Crime News Online,These ads ran without a disclaimer,≤100
121350964566751,DHL Motorsports,These ads ran without a disclaimer,≤100
106087831857662,Vacation101 Content,These ads ran without a disclaimer,≤100
423645301739829,Skerritt Shallow 2021,These ads ran without a disclaimer,≤100
295587070626928,Adroit Infosystems,These ads ran without a disclaimer,≤100
107895321698840,bosse_rothe,These ads ran without a disclaimer,≤100
113860331311065,Unusual building,These ads ran without a disclaimer,≤100
100136869328198,Hyosung Worldwide,These ads ran without a disclaimer,≤100
1198498803640966,The East Gate,These ads ran without a disclaimer,≤100
101349122508290,Dr Sanquetta,These ads ran without a disclaimer,≤100
11949538375,China Dialogue,These ads ran without a disclaimer,≤100
120840921262343,ENSA - Edinburgh Napier Students' Association,These ads ran without a disclaimer,≤100
103211952066425,The Pineapple,These ads ran without a disclaimer,≤100
105575195043052,History101 Stories,These ads ran without a disclaimer,≤100
107346200608345,Coronel  Prado,These ads ran without a disclaimer,≤100
7619396355,David Guetta,These ads ran without a disclaimer,≤100
110980888642151,Twibbon April,These ads ran without a disclaimer,≤100
103035731375669,Kreagate,These ads ran without a disclaimer,≤100
106745675124740,Trending Video,These ads ran without a disclaimer,≤100
105363750882345,Young Activists Summit,These ads ran without a disclaimer,≤100
608895432851133,Waymaker,These ads ran without a disclaimer,≤100
104311554836525,Writeups 24,These ads ran without a disclaimer,≤100
107329544831360,Commission on Human Rights Region 02,These ads ran without a disclaimer,≤100
109945565296604,Black Kids' Health,These ads ran without a disclaimer,≤100
107339455413597,The Crime Story,These ads ran without a disclaimer,≤100
100044596562197,Pastor Tinu George,These ads ran without a disclaimer,≤100
197737532725,Clipper Round the World Yacht Race,These ads ran without a disclaimer,≤100
110177838368464,Freedom Grams,These ads ran without a disclaimer,≤100
126052760507,Mama Cash,These ads ran without a disclaimer,≤100
175257709184139,University of the Free State,These ads ran without a disclaimer,≤100
107485498240718,sowhatis.show,These ads ran without a disclaimer,≤100
267410650127820,NRD Companies,These ads ran without a disclaimer,≤100
113502287096979,I Luv Australia,These ads ran without a disclaimer,≤100
117592091643709,Tree of Life Ministries｜Evangelism in Israel,These ads ran without a disclaimer,≤100
336140726489727,3DM Lifestyle,These ads ran without a disclaimer,≤100
1065631633538453,Medics Across Continents,These ads ran without a disclaimer,≤100
109462710764873,政制及內地事務局,These ads ran without a disclaimer,≤100
267264199961398,Change the World Model United Nations,These ads ran without a disclaimer,≤100
20665390582,Medical Aid for Palestinians,These ads ran without a disclaimer,≤100
101453801610760,Share-On Project Inc.,These ads ran without a disclaimer,≤100
111026570538383,هيئة قناة السويس Suez Canal Authority,These ads ran without a disclaimer,≤100
456013751424561,CESaRE,These ads ran without a disclaimer,≤100
113615355316959,WIRED UK,These ads ran without a disclaimer,≤100
7724542745,Manchester United,These ads ran without a disclaimer,≤100
118811254812343,BollywoodHungama.com,These ads ran without a disclaimer,≤100
1639540319607560,Premium Home and Residential Care Services,These ads ran without a disclaimer,≤100
1787885808135649,The Human Aspect,These ads ran without a disclaimer,≤100
466173110104582,"El-Shaddai Ministry, Jesus Is Alive Global Worship Centre",These ads ran without a disclaimer,≤100
435761629822155,Commonwealth Foundation,These ads ran without a disclaimer,≤100
107939710945584,Jardín de Eventos Donají,These ads ran without a disclaimer,≤100
503099133115374,Good News Unlimited,These ads ran without a disclaimer,≤100
529491587137957,피키캐스트,These ads ran without a disclaimer,≤100
287842647957979,EU International Partnerships,These ads ran without a disclaimer,≤100
114298743556792,3AM-Revelation 14:6-12,These ads ran without a disclaimer,≤100
249398765348,Internet and Mobile Association of India (IAMAI),These ads ran without a disclaimer,≤100
19740928752,World Animal Protection,These ads ran without a disclaimer,≤100
483942188632462,HALT Heart Attack,These ads ran without a disclaimer,≤100
115363288200059,Henrique M. Lopes,These ads ran without a disclaimer,≤100
101971347894515,Trend Guru,These ads ran without a disclaimer,≤100
249402148879302,Echo Church,These ads ran without a disclaimer,≤100
272395789457104,Commonwealth Foundation Creatives,These ads ran without a disclaimer,≤100
108584201404731,La Civiltà Cattolica - Edición en español,These ads ran without a disclaimer,≤100
106603951574084,Boomerang Loop Au,These ads ran without a disclaimer,≤100
957702064349852,Volkswagen Group - Culture,These ads ran without a disclaimer,≤100
1747915685466646,Music Promotion Club,These ads ran without a disclaimer,≤100
348531276233537,Koala Mag,These ads ran without a disclaimer,≤100
111622410196045,State of Youth,These ads ran without a disclaimer,≤100
100172476278127,Easy Study,These ads ran without a disclaimer,≤100
1550315038410876,FOUR Magazine,These ads ran without a disclaimer,≤100
541037595922979,World Climate Foundation,These ads ran without a disclaimer,≤100
106913951687900,Unfiltered Alerts,These ads ran without a disclaimer,≤100
215138065124,Louis Vuitton,These ads ran without a disclaimer,≤100
363343250416029,Sain Medicaments Pvt. Ltd,These ads ran without a disclaimer,≤100
103377668330393,Mirësi Për Botën,These ads ran without a disclaimer,≤100
107757968583490,MVP Mode,These ads ran without a disclaimer,≤100
457989087617669,Action for Dolphins,These ads ran without a disclaimer,≤100
713062536142125,Footprints of Urban,These ads ran without a disclaimer,≤100
31292782350,Deutschland.de,These ads ran without a disclaimer,≤100
100696586305964,Fine Art Photography Prints by Rico X.,These ads ran without a disclaimer,≤100
343731779325769,Pastor Tinu George,These ads ran without a disclaimer,≤100
108637620485364,Brain Nuggets,These ads ran without a disclaimer,≤100
102416722029565,"Innovate4Climate, I4C 2023",These ads ran without a disclaimer,≤100
100631769298516,Tesler,These ads ran without a disclaimer,≤100
100958229022058,Viral Spiral,These ads ran without a disclaimer,≤100
105953807950158,Tiệm Nail Z,These ads ran without a disclaimer,≤100
110073184197491,keepingupwith_theschmalzis,These ads ran without a disclaimer,≤100
114495636952695,Wiki of News,These ads ran without a disclaimer,≤100
112395323852221,Angel Torres,These ads ran without a disclaimer,≤100
102309421190764,Sylwia Madeńska,These ads ran without a disclaimer,≤100
730238507162118,Cryptonary,These ads ran without a disclaimer,≤100
317463093373,The Akshaya Patra Foundation,These ads ran without a disclaimer,≤100
715337551812957,One Ummah,These ads ran without a disclaimer,≤100
597859916903978,Nomad Africa Magazine,These ads ran without a disclaimer,≤100
212732770186,Tom MacDonald,These ads ran without a disclaimer,≤100
904243949772631,TMBK Satire,These ads ran without a disclaimer,≤100
517231405008910,Global Landscapes Forum,These ads ran without a disclaimer,≤100
116404986432132,thomas_k,These ads ran without a disclaimer,≤100
178893565567457,Alkhidmat Foundation Pakistan,These ads ran without a disclaimer,≤100
100364675253648,B-Thrive,These ads ran without a disclaimer,≤100
110903593915200,Kerala Pravasi Association - KPA,These ads ran without a disclaimer,≤100
176337595733443,RONY,These ads ran without a disclaimer,≤100
548577435509026,d&b audiotechnik,These ads ran without a disclaimer,≤100