﻿Page ID,Page name,Disclaimer,Amount spent (USD)
1010411198982376,Չորրորդ Իշխանություն / 4rd.am,Fourth Power / Չորրորդ Իշխանություն,≤100
485607424854783,Բուն TV,Բուն TV,≤100
1323926390979041,Գևորգ Գևորգյան - Gevorg Gevorgyan,Գևորգ Գևորգյան - Gevorg Gevorgyan,≤100
942865732444989,ՀՀ էկոնոմիկայի նախարարություն,Հայաստանի Հանրապետության էկոնոմիկայի նախարարություն,≤100
265536155341417,Right to Life,Right to Life,≤100
386469311494240,Իրազեկ քաղաքացիների միավորում - Union of Informed Citizens,Union of Informed Citizens NGO,≤100
114424498238552,C News,Civic,≤100
179916515749362,FIP - Փաստերի ստուգման հարթակ,Union of Informed Citizens NGO,≤100
2311673205550677,AntiFake.am,"""Civil Consciousness"" liberal NGO (AntiFake.am)",≤100
656393581078511,Քաղաքացիական պայմանագիր,Civil Contract,≤100
336154206570851,Arsen Torosyan,Arsen Torosyan,≤100
147480395123390,Զանգ / Zang,Զանգ / Zang,≤100
253984461860420,Իրավունքի զարգացման և պաշտպանության հիմնադրամ / LDPF Foundation,Իրավունքի զարգացման և պաշտպանության հիմնադրամ / LDPF Foundation,≤100
659468637586461,Արդարություն և Հայրենիք Կուսակցություն,Արդարություն և Հայրենիք Կուսակցություն,≤100
103975569288310,LURER media,These ads ran without a disclaimer,≤100
112902655451820,Թրանսփարենսի Ինթերնեշնլ Հայաստան - Transparency International Armenia,Թրանսփարենսի Ինթերնեշնլ Հայաստան - Transparency International Armenia,≤100
195126757011498,Площадь Республики/Հանրապետության հրապարակ,These ads ran without a disclaimer,≤100
107561542351569,«Մայր Հայաստան» ժողովրդական շարժում,«Մայր Հայաստան» ժողովրդական շարժում,≤100
112691881875584,Մհեր Ավետիսյան/ Mher Avetisyan,These ads ran without a disclaimer,≤100
195018463901371,CivilNet,CivilNet,≤100
257834634268733,Ամերիկայի Ձայն,These ads ran without a disclaimer,≤100
166559510167806,Geopolitical Insider,Geopolitical Insider,≤100
144487078755976,PM Milena,These ads ran without a disclaimer,≤100
144776752025,Голос Америки,These ads ran without a disclaimer,≤100
516227812110583,HAY News,These ads ran without a disclaimer,≤100
103199738157416,Armenian Zone/Հայկական Տիրույթ,These ads ran without a disclaimer,≤100
103917922767812,Ներքին գործերի կուխնյա,These ads ran without a disclaimer,≤100
101632632923855,Red berry,These ads ran without a disclaimer,≤100
294464380620526,ABNews TV,These ads ran without a disclaimer,≤100
2105082946472342,Hayk Grigoryan,These ads ran without a disclaimer,≤100
256575084373676,Panorama.am,These ads ran without a disclaimer,≤100
373536278864,UNICEF Europe & Central Asia,These ads ran without a disclaimer,≤100
1323926390979041,Գևորգ Գևորգյան - Gevorg Gevorgyan,These ads ran without a disclaimer,≤100
537062496432392,Koghb Foundation,These ads ran without a disclaimer,≤100
669389136462669,Social Discovery Group,These ads ran without a disclaimer,≤100
1397339503613729,Armenian GAME Changers,These ads ran without a disclaimer,≤100
205505239470786,USAID Armenia,These ads ran without a disclaimer,≤100
824289961247862,Ռուստամ Բաքոյան / Rustam Bakoyan,These ads ran without a disclaimer,≤100
105731849216258,AGORA փորձագիտական ակումբ,These ads ran without a disclaimer,≤100
132139573324093,Highness World Travel,These ads ran without a disclaimer,≤100
397478150354466,Cámara de Comercio Santa Rosa de Cabal,These ads ran without a disclaimer,≤100
101302715932121,Служба поддержки,These ads ran without a disclaimer,≤100
328005474041250,Hayk Paytyan,These ads ran without a disclaimer,≤100
108601834397459,Армия.аз - Armiya.az,These ads ran without a disclaimer,≤100
102338345473735,Arsen Sargsyan,These ads ran without a disclaimer,≤100
267456327487721,Խոսնակ Լրատվական,These ads ran without a disclaimer,≤100
589913688039969,Michigan Online,These ads ran without a disclaimer,≤100
101837288924546,Muslimi,These ads ran without a disclaimer,≤100
513609275343306,Thamizh Padam,These ads ran without a disclaimer,≤100
28312410177,World Food Programme,These ads ran without a disclaimer,≤100
259025094248205,Soroptimist International of Europe,These ads ran without a disclaimer,≤100
100475675413599,ՌԱԶՄԻԿ,These ads ran without a disclaimer,≤100
102882402725627,vernopravd,These ads ran without a disclaimer,≤100
109595437889845,Rubén Juy,These ads ran without a disclaimer,≤100
81239734102,Nobel Prize,These ads ran without a disclaimer,≤100