﻿Page ID,Page name,Disclaimer,Amount spent (GBP)
173356406366158,States Assembly - Jersey’s elected parliament,States Assembly,≤100
108625789179165,Soi Dog Foundation,These ads ran without a disclaimer,≤100
577532625648861,Vote.je,Vote.je,≤100
7783116506,Animals Asia,These ads ran without a disclaimer,≤100
13204463437,"UNHCR, the UN Refugee Agency",These ads ran without a disclaimer,≤100
455133101359253,Tax Consulting South Africa,These ads ran without a disclaimer,≤100
112857077857582,Omo - Weight Loss With Psychology,These ads ran without a disclaimer,≤100
109904545005338,Max Andrews - St Helier North Deputy,Max Brennan Andrews,≤100
1571514979728518,Mindful Chef,These ads ran without a disclaimer,≤100
267353906619818,Mr. Gugu & Miss Go,These ads ran without a disclaimer,≤100
514520235313876,Deputy Sam Mézec - Reform Jersey,Reform Jersey,≤100
110178328228079,NinjaOne Europe,These ads ran without a disclaimer,≤100
28312410177,World Food Programme,These ads ran without a disclaimer,≤100
109845487600792,Meubles Aladin,These ads ran without a disclaimer,≤100
845620825830146,Deel,These ads ran without a disclaimer,≤100
109904545005338,Max Andrews - St Helier North Deputy,These ads ran without a disclaimer,≤100
233285550514052,COMYMBA,These ads ran without a disclaimer,≤100
110279758515616,3addedminutes,These ads ran without a disclaimer,≤100
795600477213846,Jersey Action Group,These ads ran without a disclaimer,≤100
108320684047183,Walt Blackman,These ads ran without a disclaimer,≤100
242351902481164,The Radical Tea Towel Company,These ads ran without a disclaimer,≤100
47612991154,Dignity in Dying,These ads ran without a disclaimer,≤100
181924628560212,Ekō,These ads ran without a disclaimer,≤100
619574108091130,Stanislas de Barbeyrac,These ads ran without a disclaimer,≤100
89151782746,Fauna & Flora,These ads ran without a disclaimer,≤100
127031794038958,Blue Marine Foundation,These ads ran without a disclaimer,≤100
38877517657,Ecotricity,These ads ran without a disclaimer,≤100
382081373056,BMW Group,These ads ran without a disclaimer,≤100
124275457632741,ElectronicSpecifier,These ads ran without a disclaimer,≤100
131189377574,MDPI,These ads ran without a disclaimer,≤100
626987914308883,PlanetCare,These ads ran without a disclaimer,≤100
102393821206111,RainKiss,These ads ran without a disclaimer,≤100
579848135530446,Porzellanmanufaktur FÜRSTENBERG,These ads ran without a disclaimer,≤100
106803408804138,House Of Fun,These ads ran without a disclaimer,≤100
104877488982288,SLB,These ads ran without a disclaimer,≤100
249003758603129,WAWWA Softwear Co.,These ads ran without a disclaimer,≤100
108674264006432,Kidogo Kids,These ads ran without a disclaimer,≤100
964926116915133,"Cat Construction Europe, Middle East & Africa",These ads ran without a disclaimer,≤100
100817919462106,Misja: Wolna Polska,These ads ran without a disclaimer,≤100
281208875290477,Škoda Motorsport,These ads ran without a disclaimer,≤100
1581066202141511,Najimi Ajimu,These ads ran without a disclaimer,≤100
8539814909,International Animal Rescue,These ads ran without a disclaimer,≤100
828101340863851,Vidafitness.Com,These ads ran without a disclaimer,≤100
1834313933459789,BBC StoryWorks,These ads ran without a disclaimer,≤100
150089998513274,Government of Jersey,These ads ran without a disclaimer,≤100
101033562637947,sgkleinworthambros,These ads ran without a disclaimer,≤100
463704000312151,Videonewsharing,These ads ran without a disclaimer,≤100
173356406366158,States Assembly - Jersey’s elected parliament,These ads ran without a disclaimer,≤100
317463093373,The Akshaya Patra Foundation,These ads ran without a disclaimer,≤100
171043963049603,GREAT SCOT,These ads ran without a disclaimer,≤100
156237388665018,Jersey Sea Cadets,These ads ran without a disclaimer,≤100
317267462264674,Electric Park,These ads ran without a disclaimer,≤100
208189704820,Ellen MacArthur Foundation,These ads ran without a disclaimer,≤100
103377668330393,Mirësi Për Botën,These ads ran without a disclaimer,≤100
101653285444113,SK텔레콤 뉴스룸,These ads ran without a disclaimer,≤100
844386315584131,Volvo Construction Equipment,These ads ran without a disclaimer,≤100
111425141958605,Sparkloworld,These ads ran without a disclaimer,≤100
113256785001108,Having Said That,These ads ran without a disclaimer,≤100
102299546168565,Web Summit Qatar,These ads ran without a disclaimer,≤100
1887394344883841,Leakshare,These ads ran without a disclaimer,≤100
405379246524515,DHL Express,These ads ran without a disclaimer,≤100
113302621587505,Lehosheet Yad,These ads ran without a disclaimer,≤100
361246420352,Center for Animal Law Studies,These ads ran without a disclaimer,≤100
109247831893843,Umma Relief,These ads ran without a disclaimer,≤100
102635655320437,Number Match - Logic Puzzle Game,These ads ran without a disclaimer,≤100
291634361021404,Op Dr Burcu Saygan Karamürsel,These ads ran without a disclaimer,≤100
176104589110851,IEEE,These ads ran without a disclaimer,≤100
332476724335,Retap,These ads ran without a disclaimer,≤100
110038557114533,Imagine5,These ads ran without a disclaimer,≤100
106493462097014,Special News,These ads ran without a disclaimer,≤100
437241682996744,Radio Ejani,These ads ran without a disclaimer,≤100
515908255612683,Roberta Santini,These ads ran without a disclaimer,≤100
102251318064432,Organon,These ads ran without a disclaimer,≤100
161707728106607,BayWa r.e. Global,These ads ran without a disclaimer,≤100
1457915704536726,Advokatfirmaet Magnus Legal,These ads ran without a disclaimer,≤100
111014438406253,Trendyspread shop1,These ads ran without a disclaimer,≤100
209260229112443,Greenpeace غرينبيس,These ads ran without a disclaimer,≤100
1374826826104281,Sensibo,These ads ran without a disclaimer,≤100
290467907794079,Mohammed Elkorashy,These ads ran without a disclaimer,≤100
678094802296447,AHR Private Wealth,These ads ran without a disclaimer,≤100
100455699448835,N9i,These ads ran without a disclaimer,≤100
178925535502983,Matthew Fowler,These ads ran without a disclaimer,≤100
1284312595063036,Philippine Red Cross Zamboanga Sibugay Chapter,These ads ran without a disclaimer,≤100
115816835104562,Deutsche Bank,These ads ran without a disclaimer,≤100
105179241498166,Canadian North Resources Inc,These ads ran without a disclaimer,≤100
1589154051350606,FOZ - Friends of Zion Museum,These ads ran without a disclaimer,≤100
173091762749108,월드프렌즈코리아,These ads ran without a disclaimer,≤100
20031443281,Namecheap.com,These ads ran without a disclaimer,≤100
121350964566751,DHL Motorsports,These ads ran without a disclaimer,≤100
119789506085204,Israel Antiquities Authority,These ads ran without a disclaimer,≤100
115643645121323,Deuter,These ads ran without a disclaimer,≤100
118356801554598,EU Food & Farming,These ads ran without a disclaimer,≤100
105527368523220,Anuga Horizon,These ads ran without a disclaimer,≤100
130369030334301,KidsRights,These ads ran without a disclaimer,≤100
581045078625669,Sweettatt Balm,These ads ran without a disclaimer,≤100
104405159011073,Sheba Tel HaShomer Global Division,These ads ran without a disclaimer,≤100
64588666340,Haaretz.com,These ads ran without a disclaimer,≤100
108500468710472,Zoetic Carbon,These ads ran without a disclaimer,≤100
468234926560371,Fairtrade Jersey,These ads ran without a disclaimer,≤100
175889425769412,BAR-TEK Motorsport,These ads ran without a disclaimer,≤100
9814846723,Eric Edmeades,These ads ran without a disclaimer,≤100
852370551453606,GARP,These ads ran without a disclaimer,≤100
1569631189994826,Stildeco Mobila,These ads ran without a disclaimer,≤100
19746387261,Humane Society International,These ads ran without a disclaimer,≤100
149647671720061,HARTMANN GROUP,These ads ran without a disclaimer,≤100
244192865606024,People in Need,These ads ran without a disclaimer,≤100
111915826918974,YT_Combination,These ads ran without a disclaimer,≤100
509582802546016,Dra. Cynthia Castro,These ads ran without a disclaimer,≤100
1798435720478073,新華香港,These ads ran without a disclaimer,≤100
108276258909021,Olarglscal-fox,These ads ran without a disclaimer,≤100
107203148110541,Action Speaks Louder,These ads ran without a disclaimer,≤100
106938804271614,193 Viagens,These ads ran without a disclaimer,≤100
184023915000631,Mark Johnson Weather,These ads ran without a disclaimer,≤100
423036794414164,Jonfx,These ads ran without a disclaimer,≤100
1982725235124547,DoFasting,These ads ran without a disclaimer,≤100
113058865019747,Cocobowls,These ads ran without a disclaimer,≤100
109822885273085,IronPanda,These ads ran without a disclaimer,≤100
104285167606710,Be Coorie,These ads ran without a disclaimer,≤100
110367919014958,ERGO,These ads ran without a disclaimer,≤100
275758569814605,Cooking 4 All,These ads ran without a disclaimer,≤100
98673036962,ROLDA,These ads ran without a disclaimer,≤100
107688978949088,the_adhd_midwife,These ads ran without a disclaimer,≤100
104896622212116,RuBusiness,These ads ran without a disclaimer,≤100
109501631856985,Gencestyle,These ads ran without a disclaimer,≤100
1000420426715124,NGU FR,These ads ran without a disclaimer,≤100
101737581739303,Internet Caqueta,These ads ran without a disclaimer,≤100
139654236100628,يونيسف – اليمن UNICEF Yemen,These ads ran without a disclaimer,≤100
100931169361832,Wild Revival USA,These ads ran without a disclaimer,≤100
568778066967485,Eurasia Media Network,These ads ran without a disclaimer,≤100
1011570355561291,Jersey Prestige,These ads ran without a disclaimer,≤100
692970497431662,Ben Fiore Photography,These ads ran without a disclaimer,≤100
105068988430553,Carbon Credits,These ads ran without a disclaimer,≤100
139666286225597,Euranet Plus - Official,These ads ran without a disclaimer,≤100
135156639833927,United Nations OCHA,These ads ran without a disclaimer,≤100
170608586318343,Hamish McDouall Labour 4 Whanganui,These ads ran without a disclaimer,≤100
185561295623272,Move To Help Foundation,These ads ran without a disclaimer,≤100
102749896226364,חיים בשביל החי,These ads ran without a disclaimer,≤100
103659765532260,華夏focus,These ads ran without a disclaimer,≤100
484712228259122,Oyuka,These ads ran without a disclaimer,≤100
105039417804164,IZZY - Stream Israel,These ads ran without a disclaimer,≤100
111361091313,NICABM,These ads ran without a disclaimer,≤100
1478930005708038,TomorroWoman,These ads ran without a disclaimer,≤100
169478783787135,Jhonny Oswald Chugchilan,These ads ran without a disclaimer,≤100