﻿Location name,Amount spent (COP)
Amazonas,29935420
Antioquia,9669341749
Arauca,296395308
Atlantico,1932427851
Bolivar,1019418100
Boyaca,1225624998
Caldas,1030596896
Caqueta,341098217
Casanare,491395179
Cauca,851889134
Cesar,633060352
Choco,132658199
Cordoba,1452943928
Cundinamarca,2269136116
Distrito Especial,8435033619
Guainia,11437858
Guaviare,52496656
Huila,1128107588
La Guajira,289637814
Magdalena,805510738
Meta,1087702973
Narino,620878011
Norte de Santander,1891019237
Putumayo,234060048
Quindio,476163504
Risaralda,1332571526
San Andres y Providencia,52572566
Santander,2992025974
Sucre,853165458
Tolima,1033759828
Unknown,2924560
Valle del Cauca,5525261391
Vaupes,3737663
Vichada,10087360