﻿Page ID,Page name,Disclaimer,Amount spent (EUR)
40433567307,UNICEF Italia,UNICEF Italia,934
122074554119,EU Social,EU Social,741
278117815576023,EU Justice and Consumers,EU Justice and Consumers,613
46590675335,Save the Children Italia,Save the Children Italia,598
73493613024,ActionAid Italia,ActionAid Italia,328
309840349048638,e.on,E.ON Energia,279
692849040799381,CGIL Calabria,CGIL Calabria,270
1775571622757107,Ismea - Istituto di servizi per il mercato agricolo alimentare,Ismea - Istituto di servizi per il mercato agricolo alimentare,251
39993728498,Amnesty International - Italia,Amnesty International Italia,214
139852272751620,Lega Parlamento Europeo - Gruppo ID,Lega Parlamento Europeo - Gruppo ID,206
183047736356,EMERGENCY,EMERGENCY,199
178362315106,European Parliament,European Parliament,188
309618843020,Fondazione Ronald McDonald,Fondazione per l'Infanzia Ronald McDonald Italia,175
65737832194,Medici Senza Frontiere,Medici Senza Frontiere,153
70212282110,Altroconsumo,Altroconsumo,149
53347533412,LAV,LAV Onlus,148
48677844864,Amref Health Africa - Italia,Amref Health Africa,141
103968169809912,Credem Banca,Credem Banca,137
284515247529,Corriere della Sera,RCS Mediagroup,133
88997912868,WWF Italia,WWF Italia,119
1440878759561839,WeMove Europe,WeMove Europe,118
102871432629724,I Nuovi Calabresi,I Nuovi Calabresi,116
203772046798581,Farmindustria,Farmindustria,110
376536236099,Almo Nature,Almo Nature Benefit SPA,102
1657214567845698,BPER Banca,BPER Banca,≤100
472309342797117,Chicco,Chicco,≤100
269804456695686,MSDsalute,Brandon Box,≤100
370124820863,Sightsavers Italia Onlus Dona La Vista,Sightsavers International Italia Onlus,≤100
35346524498,Greenpeace Italia,Greenpeace Italia,≤100
1014207595271736,Azione contro la Fame Italia,Azione contro la Fame Italia,≤100
1675937735981041,Zurich,Zurich,≤100
204724029665288,Enegan - Luce e Gas,Enegan S.p.A.,≤100
517836524946630,Humana Italia,Humana Italia,≤100
865166100210938,Bosch Italia,Bosch Italia,≤100
30613018115,Banco Alimentare,Banco Alimentare,≤100
116304338118782,Potatoes Forever Italia,Unione europea,≤100
313559438694166,VIDAS - Assistenza ai Malati inguaribili,VIDAS - Assistenza ai Malati inguaribili,≤100
107356064962347,Hai Prenotato Vero?,casiraghi greco srl,≤100
110372232331805,Mission Bambini,Mission Bambini,≤100
318986935171451,Repower Italia,Repower Italia S.p.a.,≤100
182631478421403,Rio Mare,Bolton Food,≤100
2059411634324435,Medici del Mondo,Medici del Mondo,≤100
48677844864,Amref Health Africa - Italia,Amref Health Africa - Italia,≤100
141019746076225,Sorgenia,Sorgenia,≤100
295129913955200,Aboca,Aboca,≤100
179082995487557,SOS Villaggi dei Bambini - Italia,SOS Villaggi dei Bambini - Italia,≤100
218242994910861,Studio Dentistico Calabria,Studio Dentistico Calabria,≤100
269804456695686,MSDsalute,The Brand Shop Srl,≤100
421539548423434,SOS Rifugiati,UNHCR Italia - Agenzia ONU per i Rifugiati,≤100
107898832590939,European Commission,European Commission,≤100
107944488881412,Ministero del Lavoro e delle Politiche Sociali,Ministero del Lavoro e delle Politiche Sociali,≤100
392032434197669,Roma Capitale,Roma Capitale,≤100
370557446365305,Deloitte,Deloitte,≤100
2259577060934800,Huawei Italia,Huawei Italia,≤100
91261353336,Terre des Hommes Italia,Terre des Hommes Italia,≤100
2048792432072611,Ernesto Rapani,Ernesto Rapani,≤100
382343115287041,A2A Energia,A2A Energia,≤100
102000366519353,EIPASS,Certipass srl,≤100
150200761667597,Oxfam Italia,Oxfam Italia,≤100
2051929618429834,MSD Animal Health Italia,MSD Animal Health Italia,≤100
124450774313284,Etica Sgr,Etica Sgr,≤100
400381673394375,CFI - Crisi Fiscale d'Impresa,CFC Legal,≤100
1093222784082778,World Vision Italia,World Vision Italia Onlus,≤100
138004579677333,Lenin Montesanto Comunicazione & Lobbying,Lenin Montesanto Comunicazione & Lobbying,≤100
139505872573724,RM scuola,Rm Scuola Campus,≤100
1378877355727167,Snam,SNAM SPA,≤100
283617645543467,Tau House Project - Frati Minori Lazio onlus,Tau House Project,≤100
445235400057,Commissione europea – Rappresentanza in Italia,Commissione europea – Rappresentanza in Italia,≤100
114242541563173,Mediaset ha a cuore il futuro,Mediaset ha a cuore il futuro,≤100
107413606064385,FinanciaLounge,FinanciaLounge,≤100
150853974937957,FPA - FORUM PA,FPA S.r.l.,≤100
113071918732530,Animal Equality Italia,Animal Equality Italia,≤100
1496298910636865,Hobby Color Cosenza,Hobby Color Srl,≤100
870268356345640,Helpcode - Il diritto di essere bambini,Helpcode - Il diritto di essere bambini,≤100
264123593678882,Mapei SpA,These ads ran without a disclaimer,≤100
33327548320,Croce Rossa Italiana - Italian Red Cross,Croce Rossa Italiana - Italian Red Cross,≤100
160406350666170,Eurodeputati PD,EurodeputatiPD,≤100
1843691212524792,ASviS - Alleanza Italiana per lo Sviluppo Sostenibile,ASviS - Alleanza Italiana per lo Sviluppo Sostenibile,≤100
213039828714655,A2A,A2A,≤100
150738452145624,BASF Italia,Basf Italia S.p.a.,≤100
851927164832967,Colussi GranTurchese,Colussi,≤100
291699857688,EPP Group in the European Parliament,EPP Group in the European Parliament,≤100
1062965827144296,scuola.net,Scuola.net,≤100
104800568170989,Chora Media,Chora Media,≤100
56208847866,Gianni Alemanno,Gianni Alemanno,≤100
312933172093226,Associazione Luca Coscioni,Associazione Luca Coscioni,≤100
284515247529,Corriere della Sera,These ads ran without a disclaimer,≤100
167491373375522,BCC Mediocrati,Credito Cooperativo Mediocrati,≤100
277926606448603,Le Apparenze,Le Apparenze,≤100
126578555602,Skuola.net,Skuola.net,≤100
396512120735562,CIRFOOD,CIRFOOD sc,≤100
693492780985618,HSI/Italia,HSI/Italia,≤100
120380341313167,Sinistra Italiana,Sinistra Italiana,≤100
448673151909743,Grazie EcoNatural,Lucart Spa,≤100
1692232124412053,Protezione Sociale Italiana,Protezione Sociale Italiana,≤100
190837724659552,Consulcesi,Consulcesi,≤100
113335124914,Matteo Renzi,Italia Viva,≤100
331092066942114,Fondazione Italia Uganda,Fondazione Italia Uganda Onlus,≤100
272801896733406,USR Italia,Partidul Uniunea Salvati Romania,≤100
100387133404972,Gay Center,Gay Center,≤100
105879237815238,Fondazione Unipolis,Fondazione Unipolis,≤100
503567226377662,"Centro Narconon ""Il Gabbiano""","Centro Narconon ""Il Gabbiano""",≤100
129614623725639,Cesvi Onlus,Cesvi Fondazione Onlus,≤100
53333471319,Fondazione L'Albero della Vita,Fondazione L'Albero della Vita - onlus,≤100
1589295894659806,Anthony Lo Bianco,Anthony Lo Bianco,≤100
123856524297177,Nuvenia,These ads ran without a disclaimer,≤100
226105204072482,Andrea Scanzi,Paperfirst,≤100
1811177225665334,Enel X,Enel X Italia s.r.l.,≤100
1410474395723679,Petizioni.it,Petizioni.it,≤100
105785936130660,Mondadori Education,Mondadori Education,≤100
108305964356380,Le Coq Porcelaine,Le Coq Porcelaine,≤100
127981537058606,Stereotipidigenere.eu,Stereotipidigenere.eu,≤100
276862372860472,Dipartimento per le pari opportunità - Presidenza del Consiglio dei Ministri,These ads ran without a disclaimer,≤100
598765886892277,Forever Bambù Società Benefit,Forever Bambù,≤100
557773551234843,Schroders Italy,Schroder Investment Management (Europe) S.A. - Succursale Italiana,≤100
103211424754369,Domani,Domani,≤100
106788055084178,Per il futuro dei bambini,Cesvi,≤100
993120200721882,Casa Don Puglisi - La Bottega,Associazione di Volontariato Don Giuseppe Puglisi Onlus,≤100
299584710061488,WeWorld Onlus,WeWorld Onlus,≤100
109191535564614,Eroi Anonimi - I Nuovi Noi,Eroi Anonimi,≤100
107492342616216,Legambiente Onlus,Legambiente Onlus,≤100
112221911380832,InvEu,Agrifondi srl,≤100
114110060033055,Paper First,Il Fatto Quotidiano,≤100
375882802451994,Capitalfin,Capitalfin,≤100
195548473824552,Associazione Diplomatici,Associazione Diplomatici,≤100
1428995717402415,Consorzio Del Prosciutto Toscano,Consorzio Del Prosciutto Toscano,≤100
599020946827476,Marco Venturini - Comunicazione Politica,Marco Venturini - Comunicazione Politica,≤100
96235894379,Teknoring,Wolters Kluwer Italia S.r.l.,≤100
150301155010350,Intersos,Intersos,≤100
244164160836055,Ultima Generazione - Fondo Riparazione,Ultima Generazione,≤100
532635013487165,Vitesy,Vitesy,≤100
1448101522079687,Onlymoso,Onlymoso,≤100
106224477705621,Torcha,Torcha,≤100
197449616933013,Le edizioni del Mulino,Le edizioni del Mulino,≤100
129614623725639,Cesvi Onlus,Cesvi,≤100
267617064117828,Plastic Free,Plastic Free Odv Onlus,≤100
183986358646688,Gruppo Caronte & Tourist,Gruppo Caronte & Tourist,≤100
219708888198414,Fondazione Giangiacomo Feltrinelli,Fondazione Giangiacomo Feltrinelli,≤100
254382474630730,Antonio Iannone,Antonio Iannone,≤100
377901329389619,Ener2Crowd,Ener2Crowd,≤100
109491080460389,Bambine Non Spose,WeWorld Onlus,≤100
135140560641511,Axpo Italia,Axpo Italia,≤100
873433412734669,Klaus Algieri Presidente,Klaus Algieri Presidente,≤100
217896574898601,Banca Ifis,Banca Ifis,≤100
1673669186277733,Freeda,AG Digital Media,≤100
147451502073583,In Migrazione,In Migrazione,≤100
587213524737852,WebSalute - Vvox,WebSalute,≤100
180329672596502,Fratelli d'Italia Senato,Fratelli d'Italia Senato,≤100
309663322888957,Ernesto Alecci,Ernesto Alecci,≤100
45408828511,OIPA Italia,OIPA,≤100
451419891563905,Pro Vita & Famiglia Onlus,Pro Vita & Famiglia Onlus,≤100
1627633387486649,SOS MEDITERRANEE Italia,SOS MEDITERRANEE Italia,≤100
169101783890379,Fondazione Carolina,Fondazione Carolina,≤100
160725107411590,CONOU Consorzio Nazionale Oli Minerali Usati,eprcomunicazione,≤100
661243440591428,Raffaella Paita,Raffaella Paita,≤100
112826325496934,Fandango Libri,Fandango Libri,≤100
101048154921819,DISP Unina Dipartimento Scienze Politiche Federico II,DISP Unina Dipartimento Scienze Politiche Federico II,≤100
533811543385630,Slow News,Slow News,≤100
162764457111560,Dynamo Camp,Fondazione Dynamo Camp Onlus,≤100
109703165528845,Matteo Piantedosi,Matteo Piantedosi,≤100
158331570695936,IGE,Ital Communications,≤100
130028413850315,GS1 Italy,GS1 Italy,≤100
112527688820507,Mustela Italia,Mustela Italia,≤100
182120865170178,Gianluigi Paragone,Gianluigi Paragone,≤100
2270196856358992,PHYD,PHYD,≤100
164992846848920,Ad alta voce,KAERU / DGMP Snc,≤100
412537312142759,Marevivo Onlus,Marevivo Onlus,≤100
106199837902239,Innesti,Caviro sca,≤100
80761643174,Fondazione Veronesi,Fondazione Umberto Veronesi,≤100
111215267090745,Re Soil Foundation,ReSoilFoundation,≤100
279474229079,Acqua Rocchetta e Brio Blu Rocchetta,Rocchetta,≤100
1441172666130044,Marco Zanni,Marco Zanni,≤100
386546178130059,Edizioni Dedalo,Edizioni Dedalo,≤100
1966321496807877,Ernesto Magorno Sindaco,Ernesto Magorno Sindaco,≤100
121793864832061,Daniele Novara,Centro Psicopedagogico per l'educazione e la gestione dei conflitti,≤100
232017336910584,Rivista Il Borghese,Casa Editrice Pagine,≤100
534468243360227,Ecoross,Ecoross,≤100
1506899926282450,Fondazione UNA,Fondazione UNA Onlus,≤100
112369098556468,Danone_Italia,Danone_Italia,≤100
168982889798211,essence cosmetics,essence cosmetics,≤100
276823222344450,Circolo di Cultura Omosessuale Mario Mieli,Circolo di Cultura Omosessuale Mario Mieli,≤100
101360778321507,Co Ma Ri Srl,CMS S.p.A.,≤100
110156698608591,Finanza oggi & domani,These ads ran without a disclaimer,≤100
102284761976864,wanter.it,wanter.it,≤100
102808527862361,Uniti per la Siria,WeWorld Onlus,≤100
103903979291473,Viminale - Ministero dell'Interno,Viminale - Ministero dell'Interno,≤100
1504902903093208,Associazione Differenza Donna,Associazione Differenza Donna,≤100
1585369755090498,Mediobanca,Mediobanca,≤100
169065407139584,Tilt,European Greens,≤100
1015853455157037,Acea Gruppo,Acea Spa,≤100
667483386685540,Silvia Sardone,Silvia Sardone,≤100
112419051106422,Previdenza Cooperativa,Previdenza Cooperativa,≤100
130770686776092,Enzo Romeo,Enzo Romeo,≤100
181864685188048,Maurizio Marrone,Maurizio Marrone,≤100
40347361564,Fonte di Speranza ONLUS,Fonte di Speranza Onlus,≤100
366568029646,COOPI,COOPI,≤100
200468847232,PrivatAssistenza,Privatassistenza,≤100
403321219865221,FederForma,Feder Forma,≤100
291380024325396,Brando Benifei,Brando Benifei,≤100
1618078638446744,4G Energia,slashto,≤100
126790500697643,LILA - Lega Italiana per la Lotta contro l'Aids,Lila Onlus,≤100
135980412927982,Luigi Baldini,Ital Communications,≤100
153574674705426,AVSI,AVSI,≤100
1419354464978596,Giovanni Toti,Giovanni Toti,≤100
602678809928628,Guido Quintino Liris,Guido Quintino Liris,≤100
132707500076838,Il Fatto Quotidiano,SEIF S.p.A. – Società Editoriale Il Fatto Spa,≤100
123782404856741,Giuffrè Francis Lefebvre,Giuffrè Francis Lefebvre,≤100
257113927825642,Susanna Ceccardi,Susanna Ceccardi,≤100
161184727235249,Altalex,Wolters Kluwer Italia,≤100
469381559808559,ITLAS Società Benefit,Itlas srl,≤100
1697535047179887,Farmacia Sposato,These ads ran without a disclaimer,≤100
1710827805727348,Fondazione Libellula,Fondazione Libellula,≤100
158259371219,ANSA.it,ANSA,≤100
1258835734218209,Michaela Biancofiore,Michaela Biancofiore,≤100
117509691369546,Human Hall,Human Hall,≤100
118713758151850,UNHCR Italia - Agenzia ONU per i Rifugiati,UNHCR Italia - Agenzia ONU per i Rifugiati,≤100
178034668881362,Berberè,Berberè,≤100
108021177526194,Rinascita Pubblici Esercizi,Pienissimo,≤100
221773851852734,GM SRL,GM srl,≤100
287058614715780,ENGIE,ENGIE Italia,≤100
119200734774774,Radicali,Radicali,≤100
45193527235,CPP Centro Psicopedagogico per l'educazione e la gestione dei conflitti,CPP - Centro Psicopedagogico per l'educazione e la gestione dei conflitti,≤100
793211171059364,Francescani per la Vita,Francescani per la Vita,≤100
280099795721649,U-Report On The Move,UNICEF,≤100
1198302750251842,The Vision,The Vision,≤100
441812505843728,Corepla,Corepla,≤100
251389298296527,Randstad Italia,Randstad Italia Spa,≤100
103635149172226,Chef Express - Un Sorriso lungo un Viaggio,Chef Express - Un Sorriso lungo un Viaggio,≤100
2613707698646326,Pop Edizioni,POP EDIZIONI SRL SRL,≤100
335126483234062,Maurizio Acerbo,Maurizio Acerbo,≤100
404402342956536,StartupItalia,StartupItalia,≤100
160297837351805,CGT,CGT S.p.A.,≤100
104867689217251,CityNext,CityNext,≤100
175471519158512,Tag24.it,Tag24.it,≤100
41195081676,Mario Pittoni,Mario Pittoni,≤100
627764340688070,TheFork.it,TheFork,≤100
910094602531391,Dott.ssa Chiara Granato - Biologa della Riproduzione,Dott.ssa Chiara Granato - Biologa della Riproduzione,≤100
101158695138594,SOS Climate Change,UNHCR,≤100
355710427861591,Fratelli d'Italia,Fratelli d'Italia,≤100
109068411696430,CSV Sardegna - Centro Servizi Volontariato,CSV Sardegna,≤100
29698883228,AIFO,AIFO,≤100
156239144474913,Valore D,Valore D,≤100
1583832781922269,La Verità,La Verità,≤100
104727538126958,The Watcher Post,The Watcher Post,≤100
196987617009033,Borghi Autentici d'Italia,Associazione Borghi Autentici d'Italia,≤100
196610140321,FAI - Fondo per l'Ambiente Italiano,FAI - Fondo per l'Ambiente Italiano,≤100
160132570689280,Arcigay,Arcigay,≤100
1692192411057247,ANPIT - Azienda Italia,Anpit,≤100
1439514556290274,Nicola Caputo,Nicola Caputo,≤100
119257324753315,Francesco Boccia,Francesco Boccia,≤100
103221808122706,inspiringirls_italia,inspiringirls_italia,≤100
111810305178033,Dario Costantini,CNA Nazionale,≤100
286158693795,"Fondazione Casa della Carità ""A. Abriani""","Fondazione Casa della Carità ""A. Abriani""",≤100
107321830749965,Lavialibera,Lavialibera,≤100
234250624070408,ONBSI,ONBSI,≤100
1782914928681061,Matilde Siracusano,Matilde Siracusano,≤100
1597396783847997,Iren,Iren,≤100
1253092831500364,Honda Marine Italia,Honda Marine Italia,≤100
140400646067207,Avon,These ads ran without a disclaimer,≤100
279234965434875,Energit,Energ.it Spa,≤100
862662360580411,Francesco Lollobrigida,Francesco Lollobrigida,≤100
360133591158746,zeroCO2,zeroCO2 SB SRL,≤100
142589879147197,Europa Verde - Verdi,Europa Verde,≤100
2157706944445944,Azione,Azione,≤100
155619044465389,Lara Comi,Lara Comi,≤100
108630602226101,Carta del Docente Precario,Carta Docente Precario,≤100
622535581146758,CNA,CNA,≤100
145766902799292,Avv Letterio Stracuzzi,Avv Letterio Stracuzzi,≤100
100452334741200,GEV - Giovani Europeisti Verdi,Giovani Europeisti Verdi,≤100
190766780967976,Geopolitica.info,SHAPE IT S.r.l.,≤100
319171248516554,Knorr,These ads ran without a disclaimer,≤100
110660608968458,PESOFORMA Official Page,These ads ran without a disclaimer,≤100
113981835089896,Il Politico Web,Matteo Di Bello,≤100
116181541819083,Nicola Fratoianni,Nicola Fratoianni,≤100
885468624914782,Enbital - Organismo Paritetico,Enbital - Organismo Paritetico,≤100
524858700878181,Anci Toscana,Anci Toscana,≤100
583229838437691,Conflavoro PMI,Conflavoro PMI,≤100
101047321724796,Semplicità,Semplicità,≤100
101216323253423,Heidelberg Materials Italia,Heidelberg Materials Italia,≤100
146304235406491,Museo Nazionale del Cinema di Torino,Museo Nazionale del Cinema di Torino,≤100
36436932283,Grazia,These ads ran without a disclaimer,≤100
227498090641951,SNADIR Nazionale,SNADIR Nazionale,≤100
101898776545732,Inapp,INAPP Istituto Nazionale per l’Analisi delle Politiche Pubbliche,≤100
169042736456594,All Out,All Out,≤100
269909651698,Istituto Oikos Onlus,Istituto Oikos Onlus,≤100
1176999669002221,Performer,Performer Srl,≤100
436657826466740,Istituto Nazionale di Pedagogia Familiare,These ads ran without a disclaimer,≤100
217574485290278,Laurus Robuffo,Laurus Robuffo,≤100
1942760395965996,Passaggio al Bosco Edizioni,Passaggio al Bosco Edizioni,≤100
1280128282137797,Enzo Amich,Enzo Amich,≤100
102889499572084,L'Alba di una rinascita sociale,L'Alba di una rinascita sociale,≤100
131887960826264,Carlo Calenda,Azione,≤100
1978323772189377,Ambiente Mare Italia,Ambiente Mare Italia,≤100
218671751661739,Fondazione Villa Maraini,Fondazione Villa Maraini,≤100
100461379814200,Dino Nicolia,These ads ran without a disclaimer,≤100
953053284862195,Maria Spena,Maria Spena,≤100
500534273350465,Accademia Nazionale della Voce di Daniela de Meo,Accademia Nazionale della Voce di Daniela de Meo,≤100
166027216814695,Firriato,Firriato Winery,≤100
230738230802831,Federazione Nazionale dei Cavalieri del Lavoro,Federazione Nazionale dei Cavalieri del Lavoro,≤100
112576383938294,Fondo Sanedil,Fondo Sanedil,≤100
108449924930754,KE68 TUYỂN DỤNG,These ads ran without a disclaimer,≤100
264255763612618,Matteo Richetti,DeRev S.r.l.,≤100
303531599691398,Mariastella Gelmini,Mariastella Gelmini,≤100
208052735904018,DeRev,DeRev,≤100
153967571694403,Led Italia,LED Italia S.r.l,≤100
111409065031422,Dario Carotenuto,Dario Carotenuto,≤100
103750331020986,In libreria con Null,In libreria con Null,≤100
103546574756191,Fondo Pensione Priamo,Fondo Priamo,≤100
268501353185869,"Endometriosi - APE ODV, organizzazione di volontariato",Associazione Progetto Endometriosi,≤100
110148550676851,Cristiano Ceriello,Cristiano Ceriello,≤100
100788072284161,Terzo Millennio,Terzo Millennio,≤100
443027039113334,CAI - Club Alpino Italiano,CAI - Club Alpino Italiano,≤100
2032345373657608,SIGEA - Società Italiana di Geologia Ambientale,Società Italiana di Geologia Ambientale (SIGEA) - APS,≤100
336474296563812,Fimaa Italia Confcommercio - Federazione Italiana Mediatori Agenti d'Affari,FIMAA,≤100
266957210152139,Gilberto Pichetto,Gilberto Pichetto,≤100
56755731998,Codacons,Codacons,≤100
106629681768,PMI.it,Triboo,≤100
347006748786906,AIEF,AIEF Associazione Italiana Educatori Finanziari,≤100
827884420715302,wownature,Etifor,≤100
389563194560835,Ecm Formazione,Ecm Formazione,≤100
650387761676591,Candido,Casa Editrice Pagine,≤100
133499903495478,ACI Automobile Club d'Italia,These ads ran without a disclaimer,≤100
115218755162436,ABC Associazione Bambini Chirurgici del Burlo,A.B.C. Associazione per i Bambini Chirurgici del Burlo onlus,≤100
154144331904379,Marta Schifone,Marta Schifone,≤100
104752187601435,donne.it,donne.it,≤100
149462018791,Un Ponte Per,Un Ponte Per,≤100
54943073948,Il Giornale del Cibo,Il Giornale del Cibo,≤100
110354967359505,Materasso Bedshire,Ce.Pro.L di Gatti Luca,≤100
1634105713472020,Pictet AM Italia,These ads ran without a disclaimer,≤100
106577392014536,"Io, comandante di Wagner - Il libro rivelazione",Pienogiorno,≤100
264869596888019,Roberto Di Stefano,Roberto Di Stefano,≤100
258755651183,Alfonso Pecoraro Scanio,Alfonso Pecoraro Scanio,≤100
726802650693109,Guido Maria Brera,Guido Maria Brera,≤100
2215204515428844,Sostenibilità Equità Solidarietà,Sostenibilità Equità Solidarietà,≤100
201484606557114,Fotovoltaico per Te,Fotovoltaico per Te,≤100
1486718904933717,Fondazione Compagnia di San Paolo,Compagnia di San Paolo,≤100
268911749952654,Alfonso Luigi Marra,Alfonso Luigi Marra,≤100
32465332324,Nuovo Devoto-Oli,Nuovo Devoto-Oli,≤100
103669389111834,Osservatorio182,Osservatorio 182,≤100
1623129891325124,Italia in Classe A,ENEA,≤100
618013698348617,Animal Law Italia,Animal Law Italia,≤100
592859190806155,Lucio Malan,Lucio Malan,≤100
105654758652740,Petite class,These ads ran without a disclaimer,≤100
111569415077509,Recom,These ads ran without a disclaimer,≤100
2019794284961092,Patty L'Abbate,Patty L'Abbate,≤100
858330457856066,Jacopo Coghe,Jacopo Coghe,≤100
106448130864968,"Andrea Gasparri, scrittore","Andrea Gasparri, scrittore",≤100
103622722494694,Ecco think tank,ECCO think tank,≤100
104708558399243,Coordinamento Donne Fials,Coordinamento Donne Fials,≤100
101277492934747,Sustem_it,Sustem_it,≤100
186799161499691,Libraccio,D.M.B. S.r.l.,≤100
81698998693,Maurizio Lupi,Maurizio Lupi,≤100
114314013798934,Green Future Project,These ads ran without a disclaimer,≤100
116795406383587,Margherita Barbieri,Margherita Barbieri,≤100
299537233425264,Pro Loco UNPLI,Pro Loco UNPLI,≤100
124473114333535,Acqua & Sapone,These ads ran without a disclaimer,≤100
1494221650796308,Sofidel,Sofidel Spa,≤100
1825242501026900,Centro Studi Dialogo,Centro Studi Dialogo,≤100
170352306875293,Antonio De Luca,Antonio De Luca,≤100
112976877976173,wefox Italy,wefox Italy,≤100
427785157358440,Salus Italia,These ads ran without a disclaimer,≤100
136888059662453,Mani Tese Ong Onlus,Mani Tese Ong Onlus,≤100
164573846912946,Radio 24,These ads ran without a disclaimer,≤100
111436263910145,Saugella Italia,These ads ran without a disclaimer,≤100
1494770570823635,Pippi Mellone Sindaco,Pippi Mellone Sindaco,≤100
252449503661,La7,La7,≤100
151308161677721,Energas S.p.A.,These ads ran without a disclaimer,≤100
698743116897167,Valeria Valente,Valeria Valente,≤100
105441762473302,Marco Fragiacomo Sindaco,Marco Fragiacomo Sindaco,≤100
1372299996132503,Antonio Cantile,Antonio Cantile,≤100
112707153827563,Enfea Salute,Enfea Salute,≤100
108968771840180,Aliseo,Aliseo,≤100
207806162568850,Ignazio La Russa,SocialCom,≤100
290721534331298,Anna Ascani,Anna Ascani,≤100
44097757535,Roberto Marti,Roberto Marti,≤100
143544514130,Parlamento europeo in Italia,Parlamento europeo in Italia,≤100
103124791775267,Il Periscopio del Diritto,Il Periscopio del Diritto,≤100
1420345371514860,Interlife Onlus,Interlife,≤100
1828039084121555,Con i Bambini,Con i Bambini,≤100
556039361581037,Withub,Withub,≤100
104048831252,Carlo Fidanza,Carlo Fidanza,≤100
103869785628805,FarmaPets,VETAR SRL,≤100
2553536274675283,Dipartimento per l’informazione e l’editoria - Presidenza del Consiglio dei Ministri,Dipartimento per l’informazione e l’editoria - Presidenza del Consiglio dei Ministri,≤100
106703912123716,Silvia Il Mondo Dei Piccoli Sognatori,Silvia Il Mondo Dei Piccoli Sognatori,≤100
48952279043,Andrea Mascaretti,Andrea Mascaretti,≤100
307927752673403,Il Salone della CSR e dell'innovazione sociale,Il Salone della CSR e dell'innovazione sociale,≤100
1860622814155987,Cgil Veneto,Cgil Veneto,≤100
107379378333563,Tozzi Green,TOZZI GREEN,≤100
774035419359916,Simferweb,Simferweb,≤100
1811177225665334,Enel X,These ads ran without a disclaimer,≤100
328956862521,Performance Strategies,These ads ran without a disclaimer,≤100
1874499525943021,Giuseppe Giorno,Giuseppe Giorno,≤100
103002934764127,PON Legalità 2014-2020,PON Legalità 2014-2020,≤100
1524999864481577,SMET Logistics,SMET S.p.A.,≤100
320002541432025,Tradimalt Spa,Tradimalt Spa,≤100
192209717630141,First Cisl nazionale,First Cisl,≤100
132553296808689,Massimo Coppola,Massimo Coppola,≤100
435662199956750,Weldig - Marketing e Comunicazione,WELDIG MARKETING E COMUNICAZIONE,≤100
1682357185420387,Amelia Mollica Graziano,Amelia Mollica Graziano,≤100
1975969892443074,L'altro Teatro,These ads ran without a disclaimer,≤100
101898776545732,Inapp,These ads ran without a disclaimer,≤100
105305535514152,Iconografie,Undermedia,≤100
585987998239068,LloydsFarmacia,These ads ran without a disclaimer,≤100
480871535271240,Fondazione Cariplo,Fondazione Cariplo,≤100
105559678948738,near.ita,near.ita,≤100
25747171884,Urlaub in Österreich,These ads ran without a disclaimer,≤100
171869093280946,EICOM Energia,Eicom energia,≤100
2317087201903767,Falletti Blog,Falletti Blog,≤100
108282379027509,Rigeneriamo il Territorio,These ads ran without a disclaimer,≤100
154144331904379,Marta Schifone,SocialCom,≤100
1758354607814841,The Wom,These ads ran without a disclaimer,≤100
988228364708795,Orticelli Ribelli,Ecosapiens,≤100
467181846695913,Salutissima,Fondo Assistenza e Benessere - Società di Mutuo Soccorso,≤100
535609693464890,OFFSide Fest Italia,Offside Italia,≤100
103034436117164,Il Mondo del Lavoro,Il Mondo del Lavoro,≤100
1186359874841377,Rossana Cannata,Rossana Cannata,≤100
964296083631285,Iniziativa laica,iniziativa laica,≤100
1168815166600773,Fab,Fab,≤100
1075833202564150,Consorzio Suggestioni Campane Promotion & Confimi Industria Campania,Consorzio Suggestioni Campane Promotion & Confimi Industria Campania,≤100
519853801726819,Guida all'Europrogettazione,Fondazione CRT,≤100
464256556936524,Iacopo Melio,Iacopo Melio,≤100
104572037962100,Fondoposte,Fondoposte,≤100
196815512264,World Friends,World Friends,≤100
2088704344683209,Open Arms Italia,Open Arms Italia,≤100
101341869245338,Cataldo Baratta - Il Politicante,Cataldo Baratta - Il Politicante,≤100
1429383923849615,Fondo FASDA,Fondo FASDA,≤100
138109442630,UNIMPRESA Unione Nazionale di Imprese,UNIMPRESA Unione Nazionale di Imprese,≤100
343132907074660,Villy de Luca,Villy de Luca,≤100
1603966533257308,Maria Cristina Pisani,Maria Cristina Pisani,≤100
161774360656111,Suavinex Italia,These ads ran without a disclaimer,≤100
62617453081,Domenico Damascelli,Domenico Damascelli,≤100
67527694280,Arché,Arché,≤100
100644409468543,Fondazione Operation Smile Italia ETS,Fondazione Operation Smile Italia ETS,≤100
103342911641688,In-No-Plastic,VENICE LAGOON PLASTIC FREE,≤100
252931788927590,Confindustria Firenze,Confindustria Firenze,≤100
126210297412918,Vaccarezza In Regione,Vaccarezza In Regione,≤100
1561559094125855,Gianluca Daniele,Gianluca Daniele,≤100
103151711785728,Grazia Di Maggio,Grazia Di Maggio,≤100
465110963521668,Michele Catanzaro,Michele Catanzaro,≤100
105849768548758,PreviAmbiente,Fondo PreviAmbiente,≤100
222403031687114,ArciAtea,ArciAtea,≤100
278117815576023,EU Justice and Consumers,These ads ran without a disclaimer,≤100
104525187934033,Specchio d'Italia,Specchio d'Italia,≤100
352871043599,Maurizio Gasparri,Maurizio Gasparri,≤100
205798119968781,Cikis,Cikis,≤100
1709278142683543,Huawei,These ads ran without a disclaimer,≤100
753800634652691,Paola Chiesa,Paola Chiesa,≤100
2048664861850577,Il Digitale,IlDigitale.it,≤100
310626072674043,UnipolSai Corporate,These ads ran without a disclaimer,≤100
105785884951154,Alberami,Alberami Srl,≤100
177990150967421,La Verità di San Giorgio,La Verità di San Giorgio,≤100
206708532746370,Mara Bizzotto Pagina Ufficiale,Mara Bizzotto,≤100
103725242332017,Equilibri Magazine,Equilibri Magazine,≤100
2521571014736587,Matteo Bagnoli,Fratelli d'Italia Pontedera,≤100
105950594126668,MoRe Impresa Festival,These ads ran without a disclaimer,≤100
109409244233102,L'Indipendente,L'Indipendente S.r.l.,≤100
109395334158516,KINTO Italia,These ads ran without a disclaimer,≤100
114123770497699,Bof Gianangelo,Gianangelo Bof,≤100
122217118468027,Filippo Diaco,Filippo Diaco,≤100
110907112674274,Follow Your Passion,These ads ran without a disclaimer,≤100
103605957978351,FenealUil Nazionale,FENEALUIL,≤100
100997389067405,Enfea,Enfea,≤100
116758964837193,"Cinzia Pieraccini, candidata sindaco di Castel del Piano","Cinzia Pieraccini, candidata sindaco di Castel del Piano",≤100
496873810372627,Cittadini reattivi,Cittadini Reattivi APS,≤100
573828172688916,Stefano Passarini,Stefano Passarini,≤100
62469612018,Partito della Rifondazione Comunista,Partito della Rifondazione Comunista,≤100
774442262766068,Uil Cosenza,These ads ran without a disclaimer,≤100
100634755864375,Gambost,These ads ran without a disclaimer,≤100
113818051610888,Fondo Pensione Byblos,Fondo Pensione Byblos,≤100
864661353568137,Pepita Onlus,Pepita onlus,≤100
105230374194371,Davide Berti Consulente Finanziario,These ads ran without a disclaimer,≤100
149249534939745,Ottima Energia,These ads ran without a disclaimer,≤100
486228231540331,Partito Animalista Italiano,Partito Animalista Italiano,≤100
110663587096750,Davide Tavernise,Davide Tavernise,≤100
2050260911859942,AIMS Eventi,These ads ran without a disclaimer,≤100
223175114447090,Sant'Egidio,Sant'Egidio,≤100
168147663966586,Luigi D'Eramo,Luigi D'Eramo,≤100
100343302443208,City Green Light,CityGreenLight,≤100
100379850054571,Licia Ronzulli,Licia Ronzulli,≤100
1509310592720308,ITALIA Solare,Italia Solare,≤100
115714604871597,Ambienteinsalute,These ads ran without a disclaimer,≤100
138849649301228,Time to Travel,These ads ran without a disclaimer,≤100
100661291625046,AlberItalia,Fondazione AlberItalia,≤100
110645131617211,Tattoo Zone,These ads ran without a disclaimer,≤100
608197162618204,Patronato  Epasa-Itaco Cittadini e Imprese,Epasa-Itaco Cittadini e Imprese,≤100
376044839130487,Nana Bianca,Nana Bianca SRL,≤100
179450359207406,Cgil Novara e Vco,CGIL NOVARA VCO,≤100
537369456719694,Jane Lepori,Jane Lepori,≤100
2355070451439093,menelique,menelique,≤100
268536013184067,Legambiente Padova,Legambiente Padova,≤100
934304406593556,ANTER,ANTER,≤100
2072190446415066,Camilla Soru,Camilla Soru,≤100
106830119123285,LovinMemory,LovinMemory,≤100
947704582025685,Daze,Daze,≤100
102309449458354,Вечерние Новости,These ads ran without a disclaimer,≤100
105324372490790,Energia a basso costo,These ads ran without a disclaimer,≤100
110273477370,Terre di mezzo Editore,Cart'armata edizioni srl,≤100
560791640621377,Daniele Diaco,Daniele Diaco,≤100
1933493643607841,Terrasanta.net,Fondazione Terra Santa,≤100
163533620383520,Fondazione Magna Carta,Fondazione Magna Carta,≤100
202454469903516,Liberilibri Editrice,Liberilibri Editrice,≤100
144709575593854,EESC - European Economic and Social Committee,EESC - European Economic and Social Committee,≤100
964296083631285,Iniziativa laica,These ads ran without a disclaimer,≤100
298339366857516,Edoardo Sylos Labini,Edoardo Sylos Labini,≤100
431324813546160,Otto per Mille Valdese,Otto per Mille Valdese,≤100
123866627353820,Orientiamoci,Shape It S.r.l.,≤100
991598257587797,Riccardo Corbucci,Riccardo Corbucci,≤100
127839944083908,Robby Giusti,Robby Giusti,≤100
1455113908083886,Ciro Buonajuto,Ciro Buonajuto,≤100
616062541887492,Problem Solving Contact Center,Problem Solving srl,≤100
1907088782915146,Diletta Bresci,Diletta Bresci,≤100
192155120662,Franco Zaffini,Franco Zaffini,≤100
107792215572487,Video Corso 231,Vibracci Ctrl,≤100
364760893882294,Gruppo civico Gaetano Iacono Sindaco,Gruppo civico Gaetano Iacono Sindaco,≤100
673109029772554,Marco Campomenosi,Marco Campomenosi,≤100
1814545205425619,BEEing,Beeing,≤100
104555644443795,Dipende da Noi,Dipende da Noi,≤100
2797201316986482,Annalisa Tardino,Annalisa Tardino,≤100
118512724493425,Weco impresa sociale,Weco impresa sociale,≤100
922737261081955,Elisa Montemagni,Elisa Montemagni,≤100
478247465671732,TotalEnergies,TotalEnergies,≤100
352426935234383,Anna Laura Orrico,Anna Laura Orrico,≤100
137976719558527,"Consumatori, la rivista dei soci Coop","Consumatori, la rivista dei soci Coop",≤100
111871330447825,ReWriters Magazine,These ads ran without a disclaimer,≤100
787903214594249,Fisascat Cisl,Fisascat Cisl,≤100
31800331297,Gariwo - Foresta dei Giusti,Gariwo - Foresta dei Giusti,≤100
335698109961349,Domenico Iapello,These ads ran without a disclaimer,≤100
212034775726,Quotidiano di Sicilia,Quotidiano di Sicilia,≤100
1817269115180421,Gustabacco Enoteca,Gustabacco,≤100
263368177127232,Le Nius,Le Nius,≤100
104570204462760,Informatore,Informatore,≤100
137210956310640,Melting Pot Europa,Melting Pot Europa,≤100
1598538693745362,Federcaccia Nazionale,Federcaccia Nazionale,≤100
415142112193031,Nino Costa Assessore di Villafranca Tirrena,Nino Costa Assessore di Villafranca Tirrena,≤100
1382868132042683,Massimiliano Romeo,Massimiliano Romeo,≤100
166660167268469,Duomo Luxury Suites,Duomo Luxury Suites,≤100
385509022061328,Acqua per Tutti,WeWorld Onlus,≤100
105879237815238,Fondazione Unipolis,These ads ran without a disclaimer,≤100
119104539661400,Anna Paris,Anna Paris,≤100
2012236382431045,Onorio Di Giovanna - Consigliere Comunale,Onorio Di Giovanna - Consigliere Comunale,≤100
104831412359263,In-Place Smart Care,These ads ran without a disclaimer,≤100
110953842037291,Legge omicidio sul lavoro,Comitato LIP STOP omicidi sul lavoro,≤100
104891121410035,eXL magazine,iDNA,≤100
105276881579324,Terzogiornale,Terzogiornale,≤100
2010818202289586,Christian Luisi,Christian Luisi,≤100
308423406622904,NOTO Sondaggi,NOTO SONDAGGI SRL,≤100
563861997055351,Giorgia Latini,Giorgia Latini,≤100
1048124631875590,Cida,Cida,≤100
828123477318104,Piero De Luca,Piero De Luca,≤100
112004943601874,CIC Consorzio Italiano Compostatori,CIC Consorzio Italiano Compostatori,≤100
106386078907952,Peach Blossom,These ads ran without a disclaimer,≤100
236739746666589,Coop Liguria,Coop Liguria,≤100
113406144316542,Fondo Telemaco,Fondo Pensione Telemaco,≤100
752698734819866,Massimo arcangeli - 2,Massimo arcangeli - 2,≤100
116214391408529,Terranea Magazine,Terranea Magazine,≤100
216964338760893,Umbria Energy,Umbria Energy,≤100
407066069720164,We Wealth,Voices of Wealth S.r.l.,≤100
104640414860015,Elkron,These ads ran without a disclaimer,≤100
106843014315878,Partito Gay - Solidale Ambientalista Liberale - LGBT+,Partito Gay LGBT+ Solidale Ambientalista Liberale,≤100
198307320795172,Are you R,Are you R,≤100
419643241534941,Assedio Bianco,Assedio Bianco,≤100
113938061967756,R+T Stuttgart,These ads ran without a disclaimer,≤100
487468964606054,Pagella Politica,Pagella Politica,≤100
148500741950531,Milano InMovimento,Milano InMovimento,≤100
422056461203957,Paolo Grimoldi,Paolo Grimoldi,≤100
152462927352,Hardware Upgrade,These ads ran without a disclaimer,≤100
345136718845,Ministero dell'Ambiente e della Sicurezza Energetica,Ministero dell'Ambiente e della Sicurezza Energetica,≤100
591249014329371,ClassiCult,ClassiCult,≤100
863670390343095,Gruppo Illiria,Gruppo Illiria,≤100
102489548690391,sillabus01,These ads ran without a disclaimer,≤100
214434162020466,Antonio Marciano,Antonio Marciano,≤100
206469670111894,Letizia Giorgianni,Letizia Giorgianni,≤100
108029944246996,POLITICO Studio,These ads ran without a disclaimer,≤100
1862307547429963,Nonna Roma,Nonna Roma,≤100
392924770773761,Giulio Terzi,Reputation Management S.r.l,≤100
111119808671637,Lin Lee,These ads ran without a disclaimer,≤100
217810366941,Left,Left,≤100
570007629863789,IlSicilia.it,IlSicilia.it,≤100
470705503003893,ilikepuglia,I Like Puglia S.r.l.,≤100
830735403724731,Infortunistica Tossani,These ads ran without a disclaimer,≤100
109857277095278,Jonatan Montanariello,Jonatan Montanariello,≤100
106235871032763,Marina Lizzi Scrittrice,Marina Lizzi Scrittrice,≤100
584878962191754,Anna Lisa Nalin,Anna Lisa Nalin,≤100
969312873155299,Apeiron ODV,Apeiron ODV,≤100
322901021759598,Federico Morgagni - Consigliere comunale di Forlì,Federico Morgagni - Consigliere comunale di Forlì,≤100
123782404856741,Giuffrè Francis Lefebvre,These ads ran without a disclaimer,≤100
104379379124060,Marianna Ricciardi,Marianna Ricciardi,≤100
446084849159280,Zico Pieri,Giacomo Pieri,≤100
148558501970354,Antonio Candela,Antonio Candela,≤100
180275292801010,Fratelli d'Italia Camera,"Gruppo Parlamentare della Camera dei Deputati ""Fratelli D'Italia""",≤100
165968498427823,Rete dei Comuni Sostenibili,Rete dei Comuni Sostenibili,≤100
333629876647299,FISH Onlus,These ads ran without a disclaimer,≤100
326480964397759,Antonio Lombardi,FEDERCEPICOSTRUZIONI,≤100
106772345557205,Fratelli d'Italia - Valle d'Aosta,Fratelli d'Italia - Valle d'Aosta,≤100
103537362631611,Claudio Marotta,Claudio Marotta,≤100
108330083973988,Sara Canu,Sara Canu,≤100
567628926781261,Oniricum,Oniricum,≤100
415597932173946,Economia Circolare,Eco Connection Media,≤100
1509310592720308,ITALIA Solare,These ads ran without a disclaimer,≤100
133363669861151,Capital Chronicles Daily,These ads ran without a disclaimer,≤100
2006958696239686,Emanuela Del Re,Emanuela C. Del Re,≤100
220524192620469,Stefano Palma,Stefano Palma,≤100
101069546265511,francesco_agrelli,These ads ran without a disclaimer,≤100
554111831453868,Rescue Fiori di Bach Originali,These ads ran without a disclaimer,≤100
102494804734353,Marcello Coppo,Marcello Coppo,≤100
2332776956965218,Onsip - Organismo Nazionale Sicurezza e Privacy,Onsip - Organismo Nazionale Sicurezza e Privacy,≤100
292557288123759,AFemaleChoice,AFemaleChoice,≤100
741432559225902,Demetrio Piccini autore di fumetti,artefumetti,≤100
1511090682500479,Tuttavia Palermo,Tuttavia Palermo,≤100
112095897203570,TERZO Millennio,TERZO Millennio,≤100
749848185059253,Emanuele Prisco,Emanuele Prisco,≤100
104293177980961,Diego Venanzoni,Diego Venanzoni,≤100
102872529497088,robyroh_,These ads ran without a disclaimer,≤100
635264937102886,Fakepage.it,Fakepage.it,≤100
104801775953550,Avv Anna Leone,These ads ran without a disclaimer,≤100
122663924153665,La Molecola curativa,La Molecola curativa,≤100
916348625152451,WebLive Tv,WLTV,≤100
1393257504323165,Alessandra Nardini,Alessandra Nardini,≤100
151008065107936,D'Introno,These ads ran without a disclaimer,≤100
147547541961576,Council of the European Union,Council of the European Union,≤100
1480937442190427,Tommaso Foti,Tommaso Foti,≤100
100689705201336,FederCamere,FederCamere,≤100
931247067086455,Eurowings,These ads ran without a disclaimer,≤100
400516296739575,Confindustria Sardegna Centrale,Confindustria Sardegna Centrale,≤100
380958122050382,Jorit,These ads ran without a disclaimer,≤100
385899601441106,Domenico Russo,Domenico Russo,≤100
2162934993958021,Associazione Altero Matteoli,Associazione Altero Matteoli,≤100
649593578399941,Alessandro Urzì,Alessandro Urzì,≤100
102605994695426,Giuseppe Iozzino - M5S,Giuseppe Iozzino - M5S,≤100
323437377836709,World Press Photo Bari,World Press Photo Bari,≤100
163259620891,G. Giappichelli Editore,These ads ran without a disclaimer,≤100
112553088566280,Samic,These ads ran without a disclaimer,≤100
150503316151,Associazione Cultura e Sviluppo Alessandria,Associazione Cultura e Sviluppo Alessandria,≤100
115975181436190,Pianeta Studio,Pianeta Studio,≤100
460011324090004,Diva Shopping,Diva International,≤100
107191257470391,EIIS - European Institute of Innovation for Sustainability,These ads ran without a disclaimer,≤100
1468582010125799,Leonardo Cecchi,Leonardo Cecchi,≤100
106609584287802,Facta,Facta,≤100
104298617806382,Giuseppe Messina Assessore,Giuseppe Messina Assessore,≤100
161718253694742,Big News,These ads ran without a disclaimer,≤100
590611178105666,Wonderwhy,Wonder Why,≤100
223895140961634,PoliHub,These ads ran without a disclaimer,≤100
120602277960587,Paolo Calvano,Paolo Calvano,≤100
1767585726865998,Luca Sbardella,Luca Sbardella,≤100
42030289620,Federico Bussolin,Federico Bussolin,≤100
105304021777239,Animablu,These ads ran without a disclaimer,≤100
155193514656741,Marker Adv,These ads ran without a disclaimer,≤100
108002740779842,Augusto Airoldi - Sindaco di Saronno,Augusto Airoldi - Sindaco di Saronno,≤100
206936886139,Coldwell Banker Italy,Coldwell Banker Italy,≤100
1835853853222010,ULTRASOUNDtech,ULTRASOUNDtech,≤100
1454878551488658,Pino Bicchielli,Pino Bicchielli,≤100
558514474534429,Biagio Riccio,Biagio Riccio,≤100
417401232046027,Kompetere Journal,Kompetere Journal,≤100
110131678561976,ABC,These ads ran without a disclaimer,≤100
342287369294427,Cristina Guarda - Consigliera Regione Veneto,Cristina Guarda,≤100
115834959855187,Andreas Fernandez,Andreas Fernandez,≤100
410043459011308,Fondazione IEO Monzino,Fondazione IEO-MONZINO,≤100
113947560474234,Gaetano Coppola,Gaetano Coppola,≤100
1623012201337862,Ruben Santopietro,These ads ran without a disclaimer,≤100
1562648707302483,Amedeo Ciaccheri,Amedeo Ciaccheri,≤100
100096307362,Eridania,These ads ran without a disclaimer,≤100
1637778729816876,Nagorà Laboratorio di Idee,Nagorà Laboratorio di idee,≤100
106623480904013,Barbara Preziosi,Barbara Preziosi,≤100
366885998854,Nigrizia,Nigrizia,≤100
103502942105268,ANCCP Certification Agency,ANCCP Certification Agency,≤100
825203174231710,Luigi Bisogno,These ads ran without a disclaimer,≤100
677973472284686,Ma che Italia è mai questa?,Ma che Italia è mai questa?,≤100
111261983773097,Maddalena Morgante,Maddalena Morgante,≤100
114445013632983,royroy_art,These ads ran without a disclaimer,≤100
367042640294086,Luca Ciriani,Luca Ciriani,≤100
458563760919509,Consorzio Rilegno,Consorzio Rilegno,≤100
105137288606752,Vincenza Palmieri Ambasciatrice per i Diritti Umani,Vincenza Palmieri Ambasciatrice per i Diritti Umani,≤100
111845631740539,Alessandro Trizio,Alessandro Trizio,≤100
59374667427,Alice for Children,Alice for Children,≤100
119405895873,Huawei,These ads ran without a disclaimer,≤100
110694578605312,"La Democrazia Cinese, il blog di Giuliano Noci","La Democrazia Cinese, il blog di Giuliano Noci",≤100
443621196401559,Civica per Rovigo,Associazione Civica per Rovigo,≤100
105143907891885,LuBrus in feisbuca - scribacchiatore curiosante,LuBrus in feisbuca - scribacchiatore curiosante,≤100
778174858925483,Fondazione Roberto Franceschi Onlus,Fondazione Roberto Franceschi Onlus,≤100
469611020235433,Duferco Energia,Duferco Energia Spa,≤100
102299546168565,Web Summit Qatar,These ads ran without a disclaimer,≤100
133049339899989,dengi.mp3,These ads ran without a disclaimer,≤100
1156821011099810,GIOIA -Emilia-Romagna,GIOIA -Emilia-Romagna,≤100
268976423121377,Essere Animali,Essere Animali,≤100
114583287906370,maggieslorelli,These ads ran without a disclaimer,≤100
387628074641412,E-cology Italia,E-cology Italia,≤100
189887958166807,Socialisti in Movimento,Socialisti in Movimento,≤100
544684402335935,Fondo ASIM,Fondo ASIM,≤100
2185086304890957,Filippo Carlà Campa,Filippo Carlà Campa,≤100
236105246410631,Stefano ALLASIA,Stefano Allasia .,≤100
1525276264261539,Manfredi Potenti,Manfredi Potenti,≤100
184227348258332,Tiscali.it,These ads ran without a disclaimer,≤100
1590626850978164,Giovanni Russo,Giovanni Russo,≤100
178876385538037,Euronews Next,These ads ran without a disclaimer,≤100
576042449090896,Vertical Lab,These ads ran without a disclaimer,≤100
113447613420674,Waterfall Security Solutions,These ads ran without a disclaimer,≤100
7783116506,Animals Asia,These ads ran without a disclaimer,≤100
820309998000080,Marta Ferri,These ads ran without a disclaimer,≤100
1072369526124086,Repubblicani,Repubblicani,≤100
77616581723,Smile House Fondazione ETS,Smile House Fondazione ETS,≤100
104513500225584,Macena Studio,These ads ran without a disclaimer,≤100
103605701283707,Studio Legale Avvocati Clemente & Caprio,These ads ran without a disclaimer,≤100
110700694610850,Farah Ermintrude,These ads ran without a disclaimer,≤100
116091878164752,DiMarca Service,These ads ran without a disclaimer,≤100
676114412528841,Alessandra Locatelli,Alessandra Locatelli,≤100
256433201926461,Vito Bardi,Vito Bardi,≤100
114414120734376,Piccola Industria Confindustria Campania,Piccola Industria Confindustria Campania,≤100
106364342438147,Scelgo Fiuggi,Scelgo Fiuggi,≤100
114596468409247,Agoral - il magazine accogliente,AGORAL,≤100
107889169248373,Marcia PerugiAssisi,Marcia PerugiAssisi,≤100
133888419983092,Comunità Ebraica di Roma,Comunità Ebraica di Roma,≤100
198979013471003,Consiglio Italiano del Movimento Europeo,These ads ran without a disclaimer,≤100
782011665194418,Dott. Christian Franchini,Christian Franchini,≤100
372467526185321,Felicia,These ads ran without a disclaimer,≤100
180867095855207,Francesca Caruso,These ads ran without a disclaimer,≤100
1035757379850845,Rosanna Conte,Rosanna Conte - Europarlamentare della Lega,≤100
558118254711809,Volt Basilicata,Volt,≤100
255435504660598,Etruria Retail - Carrefour,These ads ran without a disclaimer,≤100
1431465240488204,Gabriele Michieletto Consigliere Regionale - Zaia Presidente,Gabriele Michieletto Consigliere Regionale - Zaia Presidente,≤100
176210685871751,Arcs Culture Solidali,Arcs Culture Solidali,≤100
106534155000515,Luca Magliozzi Consigliere,Luca Magliozzi Consigliere,≤100
1393266557641903,Africa Rivista,Africa Rivista,≤100
356102944825132,Antonio Cascone,Antonio Cascone,≤100
111784673804342,Una nuova Etica in Italia,Una nuova Etica in Italia,≤100
560317800682461,Luca Cannata,Luca Cannata,≤100
102701404643311,Joshua Di Silvio,Joshua Di Silvio,≤100
109775154858243,Il Caffè Keynesiano,Il Caffè Keynesiano,≤100
100455099289372,Villa CARRA FVG,Villa CARRA FVG,≤100
615675435199972,Alessandro Piana - Vice Presidente e Assessore Regione Liguria,Alessandro Piana - Vicepresidente e Assessore Regione Liguria,≤100
116842054736472,Pagine Rainbow,Pagine Rainbow,≤100
526901760669684,Partito Animalista Europeo,Partito Animalista Europeo,≤100
103605957978351,FenealUil Nazionale,These ads ran without a disclaimer,≤100
909522435814697,Consulta le Donne,These ads ran without a disclaimer,≤100
1487728021513052,"Consorzio di Tutela Vini Caluso, Carema E Canavese",These ads ran without a disclaimer,≤100
106512109042716,Andrea Montesanto,Andrea Montesanto,≤100
106791985755792,Francesca Lancini,These ads ran without a disclaimer,≤100
125635380862838,Io Bevo,General Beverage,≤100
538015029554097,Associazione per l'Amministrazione di Sostegno-Verein für Sachwalterschaft,Associazione per l'Amministrazione di Sostegno,≤100
117732930135289,Marco Giovagnorio Municipio XIII,Marco Giovagnorio Municipio XIII,≤100
1590859741164745,Partito Democratico di Fara in Sabina,Partito Democratico di Fara in Sabina,≤100
885468624914782,Enbital - Organismo Paritetico,These ads ran without a disclaimer,≤100
112278928117929,Be Zaira,These ads ran without a disclaimer,≤100
175205405673780,Срочные Новости,These ads ran without a disclaimer,≤100
100756891466230,Franco Ianeselli,Franco Ianeselli,≤100
144170038786837,Yourinvestmentss,These ads ran without a disclaimer,≤100
115334054941410,Giampaolo Ferranti,Giampaolo Ferranti,≤100
590301457742958,Zeta,Zeta,≤100
141685689369886,Volley Fortitudo Chivasso,These ads ran without a disclaimer,≤100
319958685256913,Le Pecorelle,Le Pecorelle,≤100
671410149947364,Chiara Caucino,Chiara Caucino,≤100
304549946399491,Children First onlus - Associazione Umanitaria e Filantropica,These ads ran without a disclaimer,≤100
556571591070176,Ford Ferri,Ford Ferri,≤100
814905568604078,ytali.com,ytali.com,≤100
19746387261,Humane Society International,These ads ran without a disclaimer,≤100
1496504030436035,Pitillos Italia,Pitillos Italia,≤100
426129544165420,Alessandro Cattaneo,Alessandro Cattaneo,≤100
327846087995802,Ridiamo per non piangere,These ads ran without a disclaimer,≤100
293290937394645,ALFA Associazione Love For Animals,ALFA Associazione Love For Animals OdV,≤100
557366811005865,Partito Democratico Mirandola,Partito Democratico Mirandola,≤100
146415948745160,Tecnè,Tecnè,≤100
112724925074566,Emiliano Pirondi,Emiliano Pirondi,≤100
150213434593,Letizia Palmisano,Letizia Palmisano,≤100
590301457742958,Zeta,These ads ran without a disclaimer,≤100
545129878893381,PharmaSuisse Laboratories,These ads ran without a disclaimer,≤100
62230651368,Salvo Pogliese,Salvo Pogliese,≤100
101258288809334,Giorgio Giulio Ingold,Giorgio Giulio Ingold,≤100
109667708188369,Daniela Carli,Daniela Carli,≤100
105741395416572,Andrea La Rosa,Andrea La Rosa,≤100
229114191886,Lorenzo Vignali,Lorenzo Vignali,≤100
80081883043,Osservatorio Balcani Caucaso Transeuropa,Osservatorio Balcani e Caucaso Transeuropa,≤100
104619574413372,Laura Pompeo,Laura Pompeo,≤100
109030604161540,Maristella Urru,Maristella Urru,≤100
348960008624813,La Nuova Europa,La Nuova Europa,≤100
898418546953189,GARANI ICE,These ads ran without a disclaimer,≤100
168812239875894,CLAUDIO TOFANI (Regista),These ads ran without a disclaimer,≤100
108770011256563,XtraCult,XtraCult,≤100
122191987831675,Fabio Amendolara,Fabio Amendolara,≤100
425008824257952,Regala Un Albero,These ads ran without a disclaimer,≤100
37293816777,I Grandi Vini,I Grandi Vini,≤100
108463728264287,asdilproscenio,These ads ran without a disclaimer,≤100
263283174206863,Conad Rimini Via Alfredo Cappellini,These ads ran without a disclaimer,≤100
153226661931217,I Cittadini per Angelo Niceta,I Cittadini per Angelo Niceta,≤100
141801079311618,Ierfop Onlus,I.E.R.F.O.P. ONLUS,≤100
155821534446613,Dianova Italia,Dianova Italia Onlus,≤100
372597899493981,Francesco Campanella,Francesco Campanella,≤100
159192554552724,Vasilika Moon - La Luna di Vasilika Onlus,La luna di Vasilika ONLUS,≤100
122084850998462,The Salentiner,These ads ran without a disclaimer,≤100
108802175280768,Giovanni Gostoli,Giovanni Gostoli,≤100
196236967189842,Mauro Del Barba,Mauro Del Barba,≤100
207473472989792,Cibo in Italia,Eco Connection Media,≤100
183047736356,EMERGENCY,These ads ran without a disclaimer,≤100
397681853756094,Josea Surfwear,These ads ran without a disclaimer,≤100
190417011163052,Fials Bologna,Fials Bologna,≤100
160476923996021,Assolombarda,Assolombarda,≤100
1425145627765543,Diverso Parere,Diverso Parere,≤100
109117651674505,Ony Onofrio D'Onghia,Ony Onofrio D'Onghia,≤100
133485430909535,Istituto Analisi Relazioni Internazionali,These ads ran without a disclaimer,≤100
101498161607606,Caterina Eboli,These ads ran without a disclaimer,≤100
109832305432836,Marco Vecchione,360 Web TV,≤100
101073021975727,Psicologa Lorenza Fiorilli,These ads ran without a disclaimer,≤100
2170669492998202,Festival delle Filosofie Palermo,Associazione Lympha,≤100
101731767886418,Mastrogessetto,These ads ran without a disclaimer,≤100
101128231983098,Agire per ENPAP,Agire per ENPAP,≤100
108624187469112,Passo Ladro,These ads ran without a disclaimer,≤100
330474397108173,Arcigay Prato Pistoia l'Asterisco,Arcigay Prato Pistoia L'Asterisco,≤100
437866832950010,Quiiky Magazine,These ads ran without a disclaimer,≤100
102438334573784,Antonella Zedda,Antonella Zedda,≤100
109772065389271,Bike & Run Show,These ads ran without a disclaimer,≤100
120783381115800,Firmato Dagli Agricoltori Italiani,These ads ran without a disclaimer,≤100
160694770110,Graziano Delrio,Graziano Delrio,≤100
386032761821034,GIULIA MARCHIONNI,GIULIA MARCHIONNI,≤100
1636701779933372,Festival della Cultura Tecnica,These ads ran without a disclaimer,≤100
1352377368204982,Dott.ssa Sara Fracalossi - Psicologa Clinica,These ads ran without a disclaimer,≤100
106001361050056,Gianluca Treccarichi,Gianluca Treccarichi,≤100
102759239300500,Massimiliano Chiaravalloti - Sindaco di Satriano,Massimiliano Chiaravalloti - Sindaco di Satriano,≤100
289747454868416,Manuela Di Centa,These ads ran without a disclaimer,≤100
165896406925301,Syncronia,These ads ran without a disclaimer,≤100
433131500462620,Enzo D'Antò - M5S,These ads ran without a disclaimer,≤100
806788026144010,Urmet,These ads ran without a disclaimer,≤100
1477559945875837,Sestino Giacomoni,These ads ran without a disclaimer,≤100
305857383716,Comunicattive,Comunicattive srl,≤100
605658436112090,Tenuta Agriturismo Il Cicalino,Tenuta Il Cicalino,≤100
105560631103288,Silvia Zamboni,Silvia Zamboni,≤100
102308922369597,eco__ita,These ads ran without a disclaimer,≤100
136075046405169,"Munich Re, Group",These ads ran without a disclaimer,≤100
50489647073,Matteo Grimaldi,Matteo Grimaldi,≤100
1151916921518164,SatiLeaks,SatiLeaks,≤100
1887550551510546,Tetra Pak Italia,These ads ran without a disclaimer,≤100
1393028397685128,Magni Telescopic Handlers,These ads ran without a disclaimer,≤100
360133591158746,zeroCO2,These ads ran without a disclaimer,≤100
2589232681091659,Daniela Rondinelli,Daniela Rondinelli,≤100
161621180376324,Roberto Serafini,These ads ran without a disclaimer,≤100
199371136812454,Fondazione FILA Museum,These ads ran without a disclaimer,≤100
102828163544,Fondazione Onda,These ads ran without a disclaimer,≤100
595278177222347,Elvis Nick,These ads ran without a disclaimer,≤100
311377002815583,Terricciola SiCura,Terricciola SiCura,≤100
104258459190049,Marianna Scoccia,Marianna Scoccia,≤100
100834738093107,THEMOIRè,These ads ran without a disclaimer,≤100
100231259166331,Dicembre Carmignanese,Dicembre Carmignanese,≤100
969637999787267,Giulio Venturi,Giulio Venturi,≤100
1429029597308836,KePalle - Arancine d'Autore,These ads ran without a disclaimer,≤100
169320556612261,QuiFinanza,These ads ran without a disclaimer,≤100
875504626147528,Piumarte,These ads ran without a disclaimer,≤100
219337571556992,Scf Group Srl - Your Innovation Partner,These ads ran without a disclaimer,≤100
468441820023665,Centro Formazione Sacra Famiglia,These ads ran without a disclaimer,≤100
1878640282367527,Toshiba Clima,These ads ran without a disclaimer,≤100
101176656016650,gaiavincenzi,These ads ran without a disclaimer,≤100
104804642116641,studiolegale_scicchitano,These ads ran without a disclaimer,≤100
102177908774755,Laprof_discienze,These ads ran without a disclaimer,≤100
104262235603659,Full,These ads ran without a disclaimer,≤100
105335838733854,Editrice Mazziana,Editrice Mazziana,≤100
103816224867501,veronica.leone_art,These ads ran without a disclaimer,≤100
1695467874092754,Emanuele Ricucci,Emanuele Ricucci,≤100
102830346989,CSS Teatro stabile di innovazione del Friuli Venezia Giulia,These ads ran without a disclaimer,≤100
355074251273264,Rinnovamento Popolare,Rinnovamento Popolare,≤100
236797074967465,"Stefano Tallia, Presidente Ordine dei Giornalisti del Piemonte","Stefano Tallia, Presidente Ordine dei Giornalisti del Piemonte",≤100
504963402964897,PD Castelfranco Emilia,Partito Democratico di Castelfranco Emilia,≤100
617528441978708,Baracca 2 - la vendemmia,Baracca 2 - la vendemmia,≤100
172798609407749,Compassion Italia,Compassion Italia Onlus,≤100
169742916993885,Conad Rimini VIA ENNIO COLETTI,These ads ran without a disclaimer,≤100
195895477096555,Cefa - Il seme della solidarietà,Cefa- Il seme della solidarietà- Onlus,≤100
133236103519221,Inforicambi,These ads ran without a disclaimer,≤100
102940741803671,Ekeep,These ads ran without a disclaimer,≤100
237843932914197,Alground Geopolitica Cyberwarfare,Trizio Consulting,≤100
134509503070641,IoCambio,These ads ran without a disclaimer,≤100
112440221750692,KodamaMed,These ads ran without a disclaimer,≤100
1948266882113824,Lorenzo Siciliano,Lorenzo Siciliano,≤100
101297612815503,Fabiola Pietrella Dottore Commercialista,These ads ran without a disclaimer,≤100
105362945979883,Matteo Castagna,These ads ran without a disclaimer,≤100
150738452145624,BASF Italia,These ads ran without a disclaimer,≤100
152528819347,Tuttitalia.it,Tuttitalia.it,≤100
100416362937970,Quark Hotel Milano,These ads ran without a disclaimer,≤100
111630451361524,lorenzo.postiglione,These ads ran without a disclaimer,≤100
82361732038,concorsiletterari.net,These ads ran without a disclaimer,≤100
295630577605293,Identità Occidentale,Identità Occidentale,≤100
108935518120654,Politeia,These ads ran without a disclaimer,≤100
104969635891477,Manolo Maugeri,Manolo Maugeri,≤100
1690675680996286,Pagina Roberto Rosso,Pagina Roberto Rosso,≤100
105202659224412,Mete,These ads ran without a disclaimer,≤100
101031126277783,Oltro,These ads ran without a disclaimer,≤100
1702489583310469,Maria Claudia Gioielli,These ads ran without a disclaimer,≤100
181446015358247,ACRA,ACRA,≤100
650769558457319,Nss G club,These ads ran without a disclaimer,≤100
102500518635499,ENTR en,These ads ran without a disclaimer,≤100
250694865005278,Daniele Ceolin - pagina politica,Daniele Ceolin - pagina politica,≤100
101276459627898,Alkér Orsolya,These ads ran without a disclaimer,≤100
109938044719845,jolube24,These ads ran without a disclaimer,≤100
77730394068,Isole Canarie,These ads ran without a disclaimer,≤100
146876655994223,Annalisa Mele,Annalisa Mele,≤100
136225239738157,Più libri più liberi,These ads ran without a disclaimer,≤100
112527688820507,Mustela Italia,These ads ran without a disclaimer,≤100
1181795591839355,Robert D'Alessandro,Conversazioni da panchina,≤100
140257566010736,Filosofi Lungo L'Oglio,These ads ran without a disclaimer,≤100
2211927319054601,Il Bisbetico Dannato,These ads ran without a disclaimer,≤100
625590310861100,Giancarlo Tagliaferri,Giancarlo Tagliaferri,≤100
105784635685270,Presepe vivente Lercara Friddi,These ads ran without a disclaimer,≤100
1470245729930558,Fondazione Gianni Pellicani,Fondazione Gianni Pellicani,≤100
292557288123759,AFemaleChoice,These ads ran without a disclaimer,≤100
111031631511098,Knacktank,These ads ran without a disclaimer,≤100
79128475979,FUNIMA International Onlus,FUNIMA International Onlus,≤100
485303448148406,Assistente Sociale Privato,These ads ran without a disclaimer,≤100
102150612519718,IN-genere,These ads ran without a disclaimer,≤100
2072190446415066,Camilla Soru,These ads ran without a disclaimer,≤100
1781734858764515,Cascina Bellaria,These ads ran without a disclaimer,≤100
114232413332831,PermessoNegato,PermessoNegato APS,≤100
951508824879191,Cgil di Roma e del Lazio,Cgil di Roma e del Lazio,≤100
101023588515891,Pagina quaranta,These ads ran without a disclaimer,≤100
620626954806244,TRW,These ads ran without a disclaimer,≤100
349454649026993,Nico Lopez Bruchi,These ads ran without a disclaimer,≤100
282713271797755,TEDxMilano,These ads ran without a disclaimer,≤100
108780225599219,Rimini 2026 - Candidata Capitale italiana della Cultura,These ads ran without a disclaimer,≤100
470320123103435,NOW,These ads ran without a disclaimer,≤100
51080589013,Il diritto per i concorsi,These ads ran without a disclaimer,≤100
352187308292636,Mezzopieno,Mezzopieno,≤100
100198709493985,Nullker Company,These ads ran without a disclaimer,≤100
194318800644272,Premio Roberto Morrione,These ads ran without a disclaimer,≤100
107890781912204,Gianluca Bencivenga,These ads ran without a disclaimer,≤100
1422504621146629,Minnovo.it,These ads ran without a disclaimer,≤100
226645684015510,TITANKA! Web Company Spa,These ads ran without a disclaimer,≤100
417894651656330,Phoenix Contact Italy,These ads ran without a disclaimer,≤100
129833460455089,Arte-Mide,These ads ran without a disclaimer,≤100
108966411737316,la_stropicciamenti,These ads ran without a disclaimer,≤100
101024259649585,camonphoto11,These ads ran without a disclaimer,≤100
276277903392,nssmag.com,These ads ran without a disclaimer,≤100
1583906838560814,Noi che credevamo,Noi che credevamo,≤100
100689705201336,FederCamere,These ads ran without a disclaimer,≤100
1645303399102653,BetterTogether Italia,These ads ran without a disclaimer,≤100
112090673890797,"ROOTS  -  Dott.ssa Elena Salvadori, Dott. Daniele Paolini",These ads ran without a disclaimer,≤100
121056464429199,Roberta Vallacchi,Roberta Vallacchi,≤100
1721402061409216,Parliament Watch Italia,Parliament Watch Italia,≤100
720328838111389,Sandtex - Professional Paint for Professional People,These ads ran without a disclaimer,≤100
194678327051096,Новости,These ads ran without a disclaimer,≤100
101154991274037,ANCE Verona Costruttori Edili,Ance Verona,≤100
819387271431618,Matemù,Cies Onlus,≤100
106842622244475,Wewelfare,These ads ran without a disclaimer,≤100
1474826522845148,Borroni Pierpaolo,Borroni Pierpaolo,≤100
105443109325370,afrobass70,These ads ran without a disclaimer,≤100
105317362194803,lafaunista,These ads ran without a disclaimer,≤100
395137167342225,Dario De Lucia,Dario De Lucia,≤100
155049751022074,HERF GM,These ads ran without a disclaimer,≤100
104613799346410,Ciro Guadagno,These ads ran without a disclaimer,≤100
971202066226609,Uva da Tavola,These ads ran without a disclaimer,≤100
472538170205060,stefano_dtm,These ads ran without a disclaimer,≤100
142486380698322,Teritoria Italia,These ads ran without a disclaimer,≤100
209079402038,Mamme a Milano,These ads ran without a disclaimer,≤100
883221545034956,MARI Team Immobiliare,These ads ran without a disclaimer,≤100
104083355304033,Sinistra Civica Ecologista Roma,Sinistra Civica Ecologista,≤100
169654563482312,Sergio Emidio Bini,Sergio Emidio Bini,≤100
913111002044565,NOTTI ROSSE,These ads ran without a disclaimer,≤100
1595293407384274,Fabio Chies,These ads ran without a disclaimer,≤100
106058901130742,L'Eretico,These ads ran without a disclaimer,≤100
102850222826149,Wiadomości 24/7,These ads ran without a disclaimer,≤100
110035973785420,FCEsserci,These ads ran without a disclaimer,≤100
1219794261530392,HQ Food&Beverage,These ads ran without a disclaimer,≤100
100444735976831,The Paradox Of Panda,These ads ran without a disclaimer,≤100
1093534927444218,Art Orient Academy Dance Napoli,These ads ran without a disclaimer,≤100
352187308292636,Mezzopieno,These ads ran without a disclaimer,≤100
377437046119,Domus,These ads ran without a disclaimer,≤100
1127188247328593,La Sinistra,La Sinistra,≤100
106116311840637,manuela_zennaro,These ads ran without a disclaimer,≤100
110928008545725,Il mondo in cifre,These ads ran without a disclaimer,≤100
1914671958849609,Avvocato Cinzia Capone,Studio Legale Capone,≤100
1384759225102905,Daniele Deiana,These ads ran without a disclaimer,≤100
433030524155020,Podcastory,These ads ran without a disclaimer,≤100
155438574470276,DW українською,These ads ran without a disclaimer,≤100
103754119475633,Nicola Ricciardi,These ads ran without a disclaimer,≤100
153481337841593,La Stampa,These ads ran without a disclaimer,≤100
100601511643731,Digitazon,These ads ran without a disclaimer,≤100
102241316165270,Una finestra aperta,These ads ran without a disclaimer,≤100
1220981994590364,FT Partner Content,These ads ran without a disclaimer,≤100
104185782215052,The Hugo Childwear,These ads ran without a disclaimer,≤100
842484635804171,International Expert,These ads ran without a disclaimer,≤100
161872126999307,mano.mea,These ads ran without a disclaimer,≤100
109942243719725,Group-IB: Intelligence-driven Cyber Security,These ads ran without a disclaimer,≤100
182269228944386,LCA Europe,These ads ran without a disclaimer,≤100
108091988358295,Travels All Abroad,These ads ran without a disclaimer,≤100
153638101170769,Handmodas,These ads ran without a disclaimer,≤100
105072572049881,lucreziagranzetti,These ads ran without a disclaimer,≤100
101137416415282,Europejskie wiadomości,These ads ran without a disclaimer,≤100
163243643544720,Возврат средств от мошенников,These ads ran without a disclaimer,≤100
100720062883109,Minbar Al Aqsa,These ads ran without a disclaimer,≤100
105253937483691,Mohamed bin Zayed University of Artificial Intelligence,These ads ran without a disclaimer,≤100
101837288924546,Muslimi,These ads ran without a disclaimer,≤100
123698491019029,Lombard Odier Group,These ads ran without a disclaimer,≤100
88397902710,Decanter,These ads ran without a disclaimer,≤100
654513634689622,MSC Italia - Pesca Sostenibile,These ads ran without a disclaimer,≤100
172478192614533,11.anwaar.11,These ads ran without a disclaimer,≤100
216311481960,Bill Gates,These ads ran without a disclaimer,≤100
119263319462050,Almeida Porto - Resenha Jurídica,These ads ran without a disclaimer,≤100
95775573753,Frontiers,These ads ran without a disclaimer,≤100
126637510542276,Skandal Polski,These ads ran without a disclaimer,≤100
1706927012735018,VEOCEL,These ads ran without a disclaimer,≤100
178672591994579,Теsla Х,These ads ran without a disclaimer,≤100
103477469435975,Campbell Ryan,These ads ran without a disclaimer,≤100
110768591279726,Quantum Temple,These ads ran without a disclaimer,≤100
244347532249880,ONE FOR ISRAEL Ministry,These ads ran without a disclaimer,≤100
114309904899931,The Hope Education Project,These ads ran without a disclaimer,≤100
233502266846000,Culture Treasures Magazine,These ads ran without a disclaimer,≤100
520171088019503,Liforme,These ads ran without a disclaimer,≤100
269979477968,Tracy Anderson Method,These ads ran without a disclaimer,≤100
177710078758581,Новости,These ads ran without a disclaimer,≤100
1577273822559890,Aparthotel Adagio Premium Dubai Al Barsha,These ads ran without a disclaimer,≤100
110050258771852,Centro Culturale Santa Lucia,These ads ran without a disclaimer,≤100
158233651450504,Rabet,These ads ran without a disclaimer,≤100
573576529748008,Sifted,These ads ran without a disclaimer,≤100
167099506489472,الأمير عبد العزيز آل سعود,These ads ran without a disclaimer,≤100
9179830029,Queen Mary University of London,These ads ran without a disclaimer,≤100
140746369118016,Tech Updates Daily,These ads ran without a disclaimer,≤100
103648398093208,EduTourism for Unity,These ads ran without a disclaimer,≤100
107601938859125,Cao Tùng,These ads ran without a disclaimer,≤100
299227550122220,Radio Cina Internazionale,These ads ran without a disclaimer,≤100
793257517373607,Evercoach by Mindvalley,These ads ran without a disclaimer,≤100
1890940427797988,News scuola oggi,These ads ran without a disclaimer,≤100
103452905724634,Cukiernia Domowe Słodkości,These ads ran without a disclaimer,≤100
160533323804492,Wedniy,These ads ran without a disclaimer,≤100
132618473278360,Charity Green World,These ads ran without a disclaimer,≤100
102643112351705,Modern Families,These ads ran without a disclaimer,≤100
103748142556008,beVisioneers,These ads ran without a disclaimer,≤100
1478930005708038,TomorroWoman,These ads ran without a disclaimer,≤100