﻿Page ID,Page name,Disclaimer,Amount spent (USD)
102264685970318,TG Warrior,These ads ran without a disclaimer,≤100
130945820519,FIMI,These ads ran without a disclaimer,≤100
287683225711,UN Environment Programme,UN Environment Programme,≤100
108625789179165,Soi Dog Foundation,These ads ran without a disclaimer,≤100
107458845623550,MSI,These ads ran without a disclaimer,≤100
108186171807572,New Page,These ads ran without a disclaimer,≤100
287683225711,UN Environment Programme,UN Environment Programme with Facebook Ad Credits,≤100
121255219270912,أفضل ألعاب الحرب العربية لعام 2022,These ads ran without a disclaimer,≤100
102874232203527,New Page,These ads ran without a disclaimer,≤100
103733302465216,New Page,These ads ran without a disclaimer,≤100
7297163299,Greenpeace International,These ads ran without a disclaimer,≤100
141576709631498,Pacific Island Times,These ads ran without a disclaimer,≤100
28312410177,World Food Programme,These ads ran without a disclaimer,≤100
102328765911090,INFO OPM TPNPB-OPM News,These ads ran without a disclaimer,≤100
119405895873,Huawei,These ads ran without a disclaimer,≤100
105808001847701,Populist Online,These ads ran without a disclaimer,≤100
33308238802,Asian Institute of Management,These ads ran without a disclaimer,≤100
554745531357156,Export-Import Bank of the United States,These ads ran without a disclaimer,≤100
111257452230362,𝙔𝙪𝙨𝙪𝙛 𝘾𝙝𝙖𝙢𝙗𝙚𝙧𝙨,These ads ran without a disclaimer,≤100
101082842736363,The world of reader,These ads ran without a disclaimer,≤100
461484337565161,Pacific Island Food Revolution,These ads ran without a disclaimer,≤100
68793499001,UNICEF,These ads ran without a disclaimer,≤100
101082536046883,Vivenlife,These ads ran without a disclaimer,≤100
1672062519679965,Arkansas Coalition of Marshallese,These ads ran without a disclaimer,≤100
103377668330393,Mirësi Për Botën,These ads ran without a disclaimer,≤100
933310850194959,Israel Alliance,These ads ran without a disclaimer,≤100
100374392742057,Weregreenly- Magazine,These ads ran without a disclaimer,≤100
110544031660373,Enjoy Love Story,These ads ran without a disclaimer,≤100
115591005188475,Global Times,These ads ran without a disclaimer,≤100
102093685620627,Best Diplomats,These ads ran without a disclaimer,≤100
105712015594786,Diego Andrade,These ads ran without a disclaimer,≤100
102635655320437,Number Match - Logic Puzzle Game,These ads ran without a disclaimer,≤100
275758569814605,Cooking 4 All,These ads ran without a disclaimer,≤100
106493462097014,Special News,These ads ran without a disclaimer,≤100
104504438466,Federal Voting Assistance Program - FVAP,These ads ran without a disclaimer,≤100
1196196390526965,Facebook Surveys,These ads ran without a disclaimer,≤100
101837288924546,Muslimi,These ads ran without a disclaimer,≤100
107898798686030,Postcards from Ukraine,These ads ran without a disclaimer,≤100
102235145864172,What's On,These ads ran without a disclaimer,≤100
112077024899370,Comics Stadium,These ads ran without a disclaimer,≤100
1936434949715365,Moneywise.com,These ads ran without a disclaimer,≤100
103733191524431,Liuxininbeijing,These ads ran without a disclaimer,≤100
715337551812957,One Ummah,These ads ran without a disclaimer,≤100
100851005361914,Populiist Online,These ads ran without a disclaimer,≤100
274138756817,Architonic,These ads ran without a disclaimer,≤100
108148958352704,Travelers Spot,These ads ran without a disclaimer,≤100
219612384781411,Bloomberg Philanthropies,These ads ran without a disclaimer,≤100
122095894946011457,Funny Shoes,These ads ran without a disclaimer,≤100
100455699448835,N9i,These ads ran without a disclaimer,≤100
104099512361482,Funnies Now - Magazine,These ads ran without a disclaimer,≤100
106705935507742,Billycity,These ads ran without a disclaimer,≤100
1590877284560136,Patti Harris,These ads ran without a disclaimer,≤100
101849728551147,Fun Break Central,These ads ran without a disclaimer,≤100
412409048849179,Behold Israel,These ads ran without a disclaimer,≤100
112757083778788,"Economic Daily, China",These ads ran without a disclaimer,≤100
168599115038,UNICEF Pacific,These ads ran without a disclaimer,≤100
102838882271105,NovelReader,These ads ran without a disclaimer,≤100
106803408804138,House Of Fun,These ads ran without a disclaimer,≤100
1731004657226567,Cleverst,These ads ran without a disclaimer,≤100
111113447867154,The Daily Dose,These ads ran without a disclaimer,≤100
265345800469382,Hyundai Motor Group,These ads ran without a disclaimer,≤100
100929648464258,Global Alliance of Territorial Communities,These ads ran without a disclaimer,≤100
317463093373,The Akshaya Patra Foundation,These ads ran without a disclaimer,≤100
106097385150744,Money Wiz,These ads ran without a disclaimer,≤100
104044758939010,Gon Stories,These ads ran without a disclaimer,≤100
315543515306,Jing Daily,These ads ran without a disclaimer,≤100
113256785001108,Having Said That,These ads ran without a disclaimer,≤100
169110313174498,God Sent Mission,These ads ran without a disclaimer,≤100
109501631856985,Gencestyle,These ads ran without a disclaimer,≤100
105806708960852,Webfic - Read Romance Story,These ads ran without a disclaimer,≤100
102725982838517,Day Magazine Tab,These ads ran without a disclaimer,≤100
630924141178792,Sneaker Toast,These ads ran without a disclaimer,≤100
104376759188069,Agsky-scrape,These ads ran without a disclaimer,≤100
105697008764438,Pik Reading,These ads ran without a disclaimer,≤100
918318338180165,CHINT GROUP,These ads ran without a disclaimer,≤100
102752382621452,Folix22 US,These ads ran without a disclaimer,≤100
102522341915814,Mind Lifestyle,These ads ran without a disclaimer,≤100
105232749009654,The Journal,These ads ran without a disclaimer,≤100
102300279228311,MadeinChina,These ads ran without a disclaimer,≤100
223495844457800,China Plus Culture,These ads ran without a disclaimer,≤100
17973644177,Global Peace Foundation,These ads ran without a disclaimer,≤100
106991768326883,Futbolete - Magazine,These ads ran without a disclaimer,≤100
208685479508187,U-Report Global,These ads ran without a disclaimer,≤100
104444909085222,Glory of Fun,These ads ran without a disclaimer,≤100
107831435421935,Day Generation,These ads ran without a disclaimer,≤100
103454371495257,Mood Spike,These ads ran without a disclaimer,≤100
158714780827513,UNFPA,These ads ran without a disclaimer,≤100
252949448527110,Warfare History,These ads ran without a disclaimer,≤100
100892779250460,Mis Reading,These ads ran without a disclaimer,≤100
111934001883608,Emília Anastasia,These ads ran without a disclaimer,≤100
29056789480,Project Syndicate,These ads ran without a disclaimer,≤100
845620825830146,Deel,These ads ran without a disclaimer,≤100
1881543645439590,Tech It Out with Yang Zhao,These ads ran without a disclaimer,≤100
203857292983532,AviationCV.com,These ads ran without a disclaimer,≤100
108527654799263,Discovery & Lifestyle,These ads ran without a disclaimer,≤100
104942321495828,Tian Wei at work,These ads ran without a disclaimer,≤100
852370551453606,GARP,These ads ran without a disclaimer,≤100
1396991720561689,Steve Harvey,These ads ran without a disclaimer,≤100
102458904985532,Storyroom,These ads ran without a disclaimer,≤100
110273638831026,Brain Boost,These ads ran without a disclaimer,≤100
108091988358295,Travels All Abroad,These ads ran without a disclaimer,≤100
7783116506,Animals Asia,These ads ran without a disclaimer,≤100
100817919462106,Misja: Wolna Polska,These ads ran without a disclaimer,≤100
116066208106047,عالم مثير للاهتمام,These ads ran without a disclaimer,≤100
106366418121233,Australia Awards Philippines,These ads ran without a disclaimer,≤100
161666143844859,Sandvik,These ads ran without a disclaimer,≤100
738777416145406,The Agam Agenda,These ads ran without a disclaimer,≤100
1289843507717324,Youth for Asia,These ads ran without a disclaimer,≤100
107339455413597,The Crime Story,These ads ran without a disclaimer,≤100
322922251052591,현대자동차그룹 : Hyundai,These ads ran without a disclaimer,≤100
133497463390598,Telugu Filmnagar,These ads ran without a disclaimer,≤100
101203429485426,Panstar Cruise,These ads ran without a disclaimer,≤100
202655389892988,Coconut Wireless,These ads ran without a disclaimer,≤100
612473492126842,GC,These ads ran without a disclaimer,≤100
1592184267758930,Round-Table,These ads ran without a disclaimer,≤100
107173698926440,Rindiendo en casa,These ads ran without a disclaimer,≤100
109452985104987,Officialjombo1,These ads ran without a disclaimer,≤100
110444908674335,The American News,These ads ran without a disclaimer,≤100
102519461477326,Viện Thẩm Mỹ Mega Gangnam Việt Nam,These ads ran without a disclaimer,≤100
706061016415258,Organic & Natural Expo Dubai,These ads ran without a disclaimer,≤100
101978933230493,DHL,These ads ran without a disclaimer,≤100
104002928883686,Somatic Institute For Women,These ads ran without a disclaimer,≤100
101220519492,Good News from Finland,These ads ran without a disclaimer,≤100
101466184613456,Fuzzy Times,These ads ran without a disclaimer,≤100
430258463820053,International School of Ministry with Pastor Chris,These ads ran without a disclaimer,≤100
179531808860625,Claytan,These ads ran without a disclaimer,≤100
102655988684441,Your New Favorite Crowdfunding Projects,These ads ran without a disclaimer,≤100
212428362170262,"NGO & Civil Society Center, Asian Development Bank ADB",These ads ran without a disclaimer,≤100
111622410196045,State of Youth,These ads ran without a disclaimer,≤100
147617885091272,Sana khan,These ads ran without a disclaimer,≤100
124109327256894,Dra. Ângela Pistão,These ads ran without a disclaimer,≤100
139098866100198,Merri-bek City Council,These ads ran without a disclaimer,≤100
503951883021764,ShareTheMeal,These ads ran without a disclaimer,≤100
126166480762310,SelectScience,These ads ran without a disclaimer,≤100
1754956431459064,Intercept Brasil,These ads ran without a disclaimer,≤100
166591246714313,Tetra Pak,These ads ran without a disclaimer,≤100
121350964566751,DHL Motorsports,These ads ran without a disclaimer,≤100
108966741644172,Koray Beserler 1,These ads ran without a disclaimer,≤100
20800882791,Break,These ads ran without a disclaimer,≤100
102454388760688,Kids101,These ads ran without a disclaimer,≤100
109395225332926,Ofw Boss Mom,These ads ran without a disclaimer,≤100
1675360659149686,University of Aberdeen School of Geosciences,These ads ran without a disclaimer,≤100
100172476278127,Easy Study,These ads ran without a disclaimer,≤100
19740928752,World Animal Protection,These ads ran without a disclaimer,≤100
100912541413695,Más Impulso,These ads ran without a disclaimer,≤100
287842647957979,EU International Partnerships,These ads ran without a disclaimer,≤100
102721402667167,Isabel Santana,These ads ran without a disclaimer,≤100
110780698430373,Photo Maker,These ads ran without a disclaimer,≤100
1286486861452393,Asia World Model United Nations,These ads ran without a disclaimer,≤100
111226201784446,Global Jobs Alert,These ads ran without a disclaimer,≤100
1834313933459789,BBC StoryWorks,These ads ran without a disclaimer,≤100
109391388543268,Mariana Alves,These ads ran without a disclaimer,≤100
548577435509026,d&b audiotechnik,These ads ran without a disclaimer,≤100
115363288200059,Henrique M. Lopes,These ads ran without a disclaimer,≤100
712936602124528,"Pacific Theological College, Suva, Fiji Islands",These ads ran without a disclaimer,≤100
110801873957389,Australia Pacific Security College,These ads ran without a disclaimer,≤100
106479017486767,Mercy to Humanity - جَمْعِيَة رَحْمَةً لِلْعَالَمِين,These ads ran without a disclaimer,≤100
2610140028997323,Uniathena,These ads ran without a disclaimer,≤100
103438711696898,Angelo Caltagirone - Meridiano Music,These ads ran without a disclaimer,≤100
622502298258261,aisforum,These ads ran without a disclaimer,≤100
110518398307681,Brainety,These ads ran without a disclaimer,≤100
220247148525333,Rabindranath Tagore Literary Prize,These ads ran without a disclaimer,≤100
983135718420987,Visit Jiangsu,These ads ran without a disclaimer,≤100
267264199961398,Change the World Model United Nations,These ads ran without a disclaimer,≤100
101485486059705,Fusion Shearing Crusher,These ads ran without a disclaimer,≤100
1065631633538453,Medics Across Continents,These ads ran without a disclaimer,≤100
1164694603562682,FastTony,These ads ran without a disclaimer,≤100
173091762749108,월드프렌즈코리아,These ads ran without a disclaimer,≤100
198398326957053,Shree Krishnayan Desi Gauraksha Avam Golokdham Sewa Samiti,These ads ran without a disclaimer,≤100
1198498803640966,The East Gate,These ads ran without a disclaimer,≤100
110980888642151,Twibbon April,These ads ran without a disclaimer,≤100
106615745485833,Crime News Online,These ads ran without a disclaimer,≤100
101951494992075,Krafton Support,These ads ran without a disclaimer,≤100
435761629822155,Commonwealth Foundation,These ads ran without a disclaimer,≤100