﻿Page ID,Page name,Disclaimer,Amount spent (GBP)
107440644919517,Christopher Kerr - Author,These ads ran without a disclaimer,≤100
101717949400657,VitalRecover,These ads ran without a disclaimer,≤100
102299546168565,Web Summit Qatar,These ads ran without a disclaimer,≤100
242351902481164,The Radical Tea Towel Company,These ads ran without a disclaimer,≤100
108091988358295,Travels All Abroad,These ads ran without a disclaimer,≤100
101837288924546,Muslimi,These ads ran without a disclaimer,≤100
1478930005708038,TomorroWoman,These ads ran without a disclaimer,≤100
153638101170769,Handmodas,These ads ran without a disclaimer,≤100
1096538887134446,Reuters Plus,These ads ran without a disclaimer,≤100
620626954806244,TRW,These ads ran without a disclaimer,≤100
113448068508381,Master Quiz,These ads ran without a disclaimer,≤100
102500518635499,ENTR en,These ads ran without a disclaimer,≤100
101276459627898,Alkér Orsolya,These ads ran without a disclaimer,≤100
181053201749946,Caio Smith,These ads ran without a disclaimer,≤100
107117445556367,Dragons Tell Tales,These ads ran without a disclaimer,≤100