﻿Page ID,Page name,Disclaimer,Amount spent (THB)
141934138997690,ทัวร์มาลง,ทัวร์มาลง,135
693096830706780,SCG,SCG,≤100
161651553861945,Amnesty International Thailand,Amnesty International Thailand,≤100
546416699215073,ห้องสื่อครูคอม,ห้องสื่อครูคอม,≤100
111341764925564,สำนักสนับสนุนการพัฒนาระบบสุขภาพ - สำนัก 7 สสส.,สำนักสนับสนุนการพัฒนาระบบสุขภาพ - สำนัก 7 สสส.,≤100
1105604039583762,Line One สว.นท. ขอเชิญส่งประวัติ ส่วนตัว องค์กร เพื่อเข้ารับรางวัลประจำปี,Line One สว.นท. ขอเชิญส่งประวัติ ส่วนตัว องค์กร เพื่อเข้ารับรางวัลประจำปี,≤100
115922723434700,ครูเจพีสรุปย่อ for Teacher,ครูเจพีสรุปย่อ for Teacher,≤100
204016840519336,ศ.ดร.นฤมล ภิญโญสินวัฒน์,ศ.ดร.นฤมล ภิญโญสินวัฒน์,≤100
108515294626891,สอบข้าราชการท้องถิ่น By Thurakan,สอบข้าราชการท้องถิ่น By Thurakan,≤100
642954485873040,UOB,These ads ran without a disclaimer,≤100
104393812499502,ชีทสรุปกฎหมาย สำหรับสอบราชการ พนักงานราชการ by.kantap,ชีทสรุปกฎหมาย สำหรับสอบราชการ พนักงานราชการ by.kantap,≤100
105992549162758,ข่าวชีวิตติดกระแส,บริษัท เดนิส แอดส์ จำกัด,≤100
345127652279503,มูลนิธิสากลเพื่อคนพิการ,มูลนิธิสากลเพื่อคนพิการ,≤100
513741371997112,Amarin TV,อมรินทร์ เทเลวิชั่น,≤100
107431957845398,แม็กซ์ สดจากสวน,These ads ran without a disclaimer,≤100
188107458258082,Mono News - ข่าวโมโน,Mono News - ข่าวโมโน,≤100
296508406790,"Democrat Party, Thailand พรรคประชาธิปัตย์","Democrat Party, Thailand พรรคประชาธิปัตย์",≤100
106500602280120,เตรียมสอบข้อราชการท้องถิ่น อปท. กพ.,เตรียมสอบข้อราชการท้องถิ่น อปท. กพ.,≤100
224559081073575,Mono 29,Mono 29,≤100
338109312883186,China Xinhua News,These ads ran without a disclaimer,≤100
622674297897819,Screenshirt2020,Screenshirt2020,≤100
107612328588715,The Voters,The Voters,≤100
539119526485380,ทนายใหญ่ ธิมาชัย,ทนายใหญ่ ธิมาชัย,≤100
104553005992573,Short Note & Sheet สรุปสอบข้าราชการ และใบงาน,Short Note & Sheet สรุปสอบข้าราชการ และใบงาน,≤100
104427797605274,พี่ต่อ ดร.เฉลิมชัย ศรีอ่อน “คำไหน-คำนั้น”,พี่ต่อ ดร.เฉลิมชัย ศรีอ่อน “คำไหน-คำนั้น”,≤100
475766062606646,ศูนย์แจ้งเตือน ประชาสัมพันธ์เพื่อสิทธิ์ของประชาชน,These ads ran without a disclaimer,≤100
357567608297722,ดร.สฤษฏ์พงษ์ เกี่ยวข้อง,ดร.สฤษฏ์พงษ์ เกี่ยวข้อง,≤100
2091153520919518,FC Anutin,FC Anutin,≤100
418729291509368,สถาบันปรีดี พนมยงค์ Pridi Banomyong Institute,สถาบันปรีดี พนมยงค์ Pridi Banomyong Institute,≤100
104459488220205,เตรียมสอบราชการ By Tutorlaw,These ads ran without a disclaimer,≤100
108873595424804,กลุ่มพลังหนุ่ม,กลุ่มพลังหนุ่ม,≤100
104996498994841,NetZeroCarbon,NetZeroCarbon,≤100
601953326929372,ธัญวัจน์ กมลวงศ์วัฒน์ - Tunyawaj Kamolwongwat,ธัญวัจน์ กมลวงศ์วัฒน์ - Tunyawaj Kamolwongwat,≤100
433882680714402,Indeem พลิกชีวิตด้วยออนไลน์,These ads ran without a disclaimer,≤100
984448881763895,แปรงสีฟันเด็กงอได้ Made in Japan,These ads ran without a disclaimer,≤100
100726651603933,สอบ ภาค ก.,These ads ran without a disclaimer,≤100
142756472518931,สุภาภรณ์ คงวุฒิปัญญา,สุภาภรณ์ คงวุฒิปัญญา,≤100
104571979194914,ปานทิพย์  พิมพ์พิชชา  ชัยศุภกิจเจริญ,ปานทิพย์  พิมพ์พิชชา  ชัยศุภกิจเจริญ,≤100
256595271108489,โปรไฟล์ติวเตอร์ ติวสอบรับราชการ,These ads ran without a disclaimer,≤100
1919840014942318,เตรียมสอบราชการ ฉบับคนมีเวลาน้อย,These ads ran without a disclaimer,≤100
603727613091257,Top Review Thailand,These ads ran without a disclaimer,≤100
112661633844172,คลังประมูล/รับออเดอร์คัดงาน/ปลีก/ส่ง/ยกกระสอบ,These ads ran without a disclaimer,≤100
279457458842476,InnovestX,These ads ran without a disclaimer,≤100
1651530501767770,โบราณนานมา,โบราณนานมา,≤100
104825687931455,น้องเอชวนติว,These ads ran without a disclaimer,≤100
238949826141291,จังหวัดอุทัยธานี,These ads ran without a disclaimer,≤100
1603290426348939,ท้องถิ่นออนไลน์,These ads ran without a disclaimer,≤100
150877478113061,ปลาสลิดบางบ่อ แม่จิ๋ว,These ads ran without a disclaimer,≤100
1897884890531320,Doh Athan - Our Voice,These ads ran without a disclaimer,≤100
454619431223968,TIME Consulting,These ads ran without a disclaimer,≤100
1465940870372490,Chiangmai Muay Thai Gym,These ads ran without a disclaimer,≤100
1933301916811255,OBEC Content Center,These ads ran without a disclaimer,≤100
104240442674527,ชัย รถสวย,These ads ran without a disclaimer,≤100
114800844892343,The National Anti-Corruption Commission-Thailand ปปช,These ads ran without a disclaimer,≤100
114905371661772,Richa Shoes ริชา รองเท้าแบรนด์มือสอง,These ads ran without a disclaimer,≤100
102450061236008,การจัดการศึกษาเชิงพื้นที่เพื่อลดความเหลื่อมล้ำ,These ads ran without a disclaimer,≤100
972019486321939,บู้ จเด็ศ จันทรา,บู้ จเด็ศ จันทรา,≤100
105372395771293,น้อง.ศร รวยล้นๆ,These ads ran without a disclaimer,≤100
350297328716716,VIBIE LIVE,These ads ran without a disclaimer,≤100
109269235070251,Thai KOSEN,These ads ran without a disclaimer,≤100
101197741935522,Goal Cadet สอนเข้าเตรียมทหาร นายสิบตำรวจ ทหารทุกเหล่า,These ads ran without a disclaimer,≤100
105333121184007,GumnerdThai,These ads ran without a disclaimer,≤100
107014902153707,สอบราชการ,These ads ran without a disclaimer,≤100
104994697872233,ติวสอบท้องถิ่น โดยผอ.แบงค์Ninebank,These ads ran without a disclaimer,≤100
100399988164632,ร่มธรรม ขำนุรักษ์ -หวาย,ร่มธรรม ขำนุรักษ์ -หวาย,≤100
346877725894463,สอนสอบ,These ads ran without a disclaimer,≤100
143800892142694,Maya อะไหล่ยนต์,These ads ran without a disclaimer,≤100
2001637323285040,อรพินทร์ เพชรทัต,อรพินทร์ เพชรทัต,≤100
128393010357477,ที่ดินทำเลดี ราคาถูก พิษณุโลก,These ads ran without a disclaimer,≤100
158505314346240,New Delight,These ads ran without a disclaimer,≤100
107641707313053,SHEET SUPER BOOK,These ads ran without a disclaimer,≤100
989493931224553,Mirror Thailand,These ads ran without a disclaimer,≤100
101477362877580,เรียนนวดแผนไทย เรียนนวดพารวย พร้อมใบประกาศ มีงานรองรับ,These ads ran without a disclaimer,≤100
138422419362218,Efcvc EG,These ads ran without a disclaimer,≤100
1798435720478073,新華香港,These ads ran without a disclaimer,≤100
149628491573962,Ectarine Inc,These ads ran without a disclaimer,≤100
142409918953070,สถานีบริการน้ำมันชาย,These ads ran without a disclaimer,≤100
161150370418159,นิเวศน์ เหมวชิรวรากร,These ads ran without a disclaimer,≤100
171895976010541,Kay Thi,These ads ran without a disclaimer,≤100
169144566277749,Miushea Inc,These ads ran without a disclaimer,≤100