﻿Page ID,Page name,Disclaimer,Amount spent (USD)
102177449282512,ПУЛ,Pul.asia,≤100
897915210257967,DIF Guerrero,These ads ran without a disclaimer,≤100
105237292316259,Математика для взрослых,These ads ran without a disclaimer,≤100
499305040258778,Alternativa Web Radio,These ads ran without a disclaimer,≤100
109178168129965,Kristina Chiong,These ads ran without a disclaimer,≤100
808172799250204,Wiesbaden Assozial 1697,These ads ran without a disclaimer,≤100
107003479057491,Nadezhda Gavrilova,These ads ran without a disclaimer,≤100
111157205111064,Haer it rek,These ads ran without a disclaimer,≤100
109580478565738,Advice CUT,These ads ran without a disclaimer,≤100
669307523469574,EveryJew,These ads ran without a disclaimer,≤100
116321811346992,Antonova Alisa,These ads ran without a disclaimer,≤100
114247604036354,Инфограф,These ads ran without a disclaimer,≤100
144776752025,Голос Америки,These ads ran without a disclaimer,≤100
107769124201083,Alice et Mô,These ads ran without a disclaimer,≤100
176660229037297,Tcell,These ads ran without a disclaimer,≤100
162522090444930,Mark Johnson Memorial Page,These ads ran without a disclaimer,≤100
109062828734912,Юридические услуги,These ads ran without a disclaimer,≤100
103736054346389,Intravel Тур-агентство,These ads ran without a disclaimer,≤100
101749125967446,mir.iphone.2018,These ads ran without a disclaimer,≤100
129439653869784,Alyona Lanskaya,These ads ran without a disclaimer,≤100
395997227222130,Андеша-Медиа,These ads ran without a disclaimer,≤100
1565085217098912,Jones Beefmasters,These ads ran without a disclaimer,≤100
158378627551817,ЮНИСЕФ на русском языке - UNICEF in Russian,These ads ran without a disclaimer,≤100
103348555836948,fashion_nuriya,These ads ran without a disclaimer,≤100
287842647957979,EU International Partnerships,These ads ran without a disclaimer,≤100
968643809909024,Mubariz Mansimov Gurbanoğlu,These ads ran without a disclaimer,≤100
113082251707244,"Greece, Corfu",These ads ran without a disclaimer,≤100
140152156008791,European Union in Tajikistan,These ads ran without a disclaimer,≤100
102088536040856,lavkachudes_tjk,These ads ran without a disclaimer,≤100
338109312883186,China Xinhua News,These ads ran without a disclaimer,≤100
100157932958042,Podsian,These ads ran without a disclaimer,≤100
373536278864,UNICEF Europe & Central Asia,These ads ran without a disclaimer,≤100
217171881660269,Asociación de Boxeo del Estado de México A.C.,These ads ran without a disclaimer,≤100
109153117594837,A máscara perfeita,These ads ran without a disclaimer,≤100
137365066281338,Caravanserai - Pусский,These ads ran without a disclaimer,≤100
104001535800065,Zdesenko25,These ads ran without a disclaimer,≤100
175889425769412,BAR-TEK Motorsport,These ads ran without a disclaimer,≤100
111666865185579,Tundertaking,These ads ran without a disclaimer,≤100
100217236069748,Zuckerberg,These ads ran without a disclaimer,≤100
106885004080978,Нигматов Мансур,These ads ran without a disclaimer,≤100
111257452230362,𝙔𝙪𝙨𝙪𝙛 𝘾𝙝𝙖𝙢𝙗𝙚𝙧𝙨,These ads ran without a disclaimer,≤100
110383721804407,Dorukhona 2,These ads ran without a disclaimer,≤100
1844428855833579,CGTN на русском,These ads ran without a disclaimer,≤100
2014062532214606,バカ.テレビ - bakatelebi,These ads ran without a disclaimer,≤100
790322241086355,CABAR.asia,These ads ran without a disclaimer,≤100
100895095169828,LONGi Solar Central Asia,These ads ran without a disclaimer,≤100
107499092116497,Faraoh Poper,These ads ran without a disclaimer,≤100
117353747241622,Мосты сотрудничества,These ads ran without a disclaimer,≤100
110008388297707,onebook.tj,These ads ran without a disclaimer,≤100
103023169261614,Expo Health Tourism,These ads ran without a disclaimer,≤100
110258241441791,Pin-Up.com,These ads ran without a disclaimer,≤100
100246994932477,Кумитаи ҳифзи муҳити зисти назди Ҳукумати Ҷумҳурии Тоҷикистон,These ads ran without a disclaimer,≤100
101837288924546,Muslimi,These ads ran without a disclaimer,≤100
100904822517086,Non-Trivial,These ads ran without a disclaimer,≤100
111876281652427,Pro puski,These ads ran without a disclaimer,≤100
101646639439329,Edu Motive Snq,These ads ran without a disclaimer,≤100
446204385418217,"Газета ""Жэньминь Жибао"" Онлайн",These ads ran without a disclaimer,≤100
102635655320437,Number Match - Logic Puzzle Game,These ads ran without a disclaimer,≤100
112070061877712,Ksenia,These ads ran without a disclaimer,≤100
188872144758,CCTV,These ads ran without a disclaimer,≤100
615040838898606,Angry Birds Dream Blast,These ads ran without a disclaimer,≤100
152508111500802,IFC Europe & Central Asia,These ads ran without a disclaimer,≤100
101001319467909,Ross Music,These ads ran without a disclaimer,≤100
100442616030376,Sharona Sha,These ads ran without a disclaimer,≤100
107754808757776,americans_soxr,These ads ran without a disclaimer,≤100
845620825830146,Deel,These ads ran without a disclaimer,≤100
116955691378527,Мигранты Таджикистана,These ads ran without a disclaimer,≤100
112757083778788,"Economic Daily, China",These ads ran without a disclaimer,≤100
110006635179621,business.forum_g5,These ads ran without a disclaimer,≤100
179272158605946,yvm996,These ads ran without a disclaimer,≤100
102093685620627,Best Diplomats,These ads ran without a disclaimer,≤100
109600871933811,Elena Kalen,These ads ran without a disclaimer,≤100
106846591636531,the_queen_icy,These ads ran without a disclaimer,≤100
17043549797,MIT Technology Review,These ads ran without a disclaimer,≤100
1860684820880112,Mina Guli,These ads ran without a disclaimer,≤100
121255219270912,أفضل ألعاب الحرب العربية لعام 2022,These ads ran without a disclaimer,≤100
320948257943554,Бостонский Кругозор,These ads ran without a disclaimer,≤100
108732708342651,izat_usa,These ads ran without a disclaimer,≤100
104814172425625,ghayyour_najafabadi,These ads ran without a disclaimer,≤100
110009901890360,biggamemaster,These ads ran without a disclaimer,≤100
257214537715595,EFunkies,These ads ran without a disclaimer,≤100
115591005188475,Global Times,These ads ran without a disclaimer,≤100
102470948401242,Standart Pump,These ads ran without a disclaimer,≤100
154680184946903,Superplastic,These ads ran without a disclaimer,≤100
120699597633248,Amina,These ads ran without a disclaimer,≤100
216215268476997,UNICEF Tajikistan,These ads ran without a disclaimer,≤100
110170104024743,setaresardar,These ads ran without a disclaimer,≤100
106861358833910,Pinup__com,These ads ran without a disclaimer,≤100
109866085509442,hofizi_alloh,These ads ran without a disclaimer,≤100
122221541150229,Bactria Cultural Centre,These ads ran without a disclaimer,≤100
161315350594368,UK in Tajikistan,These ads ran without a disclaimer,≤100
1853190334899112,Writerhyme,These ads ran without a disclaimer,≤100
715337551812957,One Ummah,These ads ran without a disclaimer,≤100
627721154061903,Avesta - информационное агентство,These ads ran without a disclaimer,≤100
119060427843019,ROHIT FAST MONEY,These ads ran without a disclaimer,≤100
115544371446789,arbulldog_,These ads ran without a disclaimer,≤100
105736805567400,Smiths Group top,These ads ran without a disclaimer,≤100
104119542473088,Kylin Studio,These ads ran without a disclaimer,≤100
389043784842196,Yenisafak.com/ru,These ads ran without a disclaimer,≤100
102477649326855,Социалистическая тенденция - Socialist Tendency,These ads ran without a disclaimer,≤100
117450321295126,Good News,These ads ran without a disclaimer,≤100
106111170729078,Digiens Academy,These ads ran without a disclaimer,≤100
565225540184937,CGTN,These ads ran without a disclaimer,≤100
1798435720478073,新華香港,These ads ran without a disclaimer,≤100
702279983471744,Olympic Council of Asia,These ads ran without a disclaimer,≤100
101203429485426,Panstar Cruise,These ads ran without a disclaimer,≤100
148548965168926,NSF,These ads ran without a disclaimer,≤100
684480475094920,Discover Inner Mongolia,These ads ran without a disclaimer,≤100
462848513792011,国家大剧院National Centre for the Performing Arts,These ads ran without a disclaimer,≤100
643692628978387,Доктор Сергей Обложко,These ads ran without a disclaimer,≤100
102929744447362,Нити Центральной Азии,These ads ran without a disclaimer,≤100
105639025839199,Aiko Energy,These ads ran without a disclaimer,≤100
103610052517172,Motions of Action,These ads ran without a disclaimer,≤100
165525366896608,Soka Gakkai,These ads ran without a disclaimer,≤100
109450334965961,delovoi_sobesednik,These ads ran without a disclaimer,≤100
100588398620629,Health Treatment in India,These ads ran without a disclaimer,≤100
10606591490,TIME,These ads ran without a disclaimer,≤100
634185290326367,Atlantic Fellows for Social and Economic Equity,These ads ran without a disclaimer,≤100
109926774968672,"Shenzhen Top-Peak Electronics Co.,Ltd.",These ads ran without a disclaimer,≤100
102726758087002,"ترنم واژه ها, Melody of Expressions",These ads ran without a disclaimer,≤100
1107005629310630,American English for Educators,These ads ran without a disclaimer,≤100
180520171996876,IslamInSpanish,These ads ran without a disclaimer,≤100
1825921937430191,Entoneyo's Way School,These ads ran without a disclaimer,≤100
110125708171279,Tactical Cowboy Training Solutions,These ads ran without a disclaimer,≤100
108063521869832,Дмитрий Гаранин,These ads ran without a disclaimer,≤100
134278719946186,Bayer,These ads ran without a disclaimer,≤100
118592938221174,ZTE Corporation,These ads ran without a disclaimer,≤100
156850176567,المجلة,These ads ran without a disclaimer,≤100
114186743283123,Australia Express,These ads ran without a disclaimer,≤100
105859898884861,f55_news,These ads ran without a disclaimer,≤100
106852959022774,dodojon2003,These ads ran without a disclaimer,≤100
103441002112229,qazaq_dream,These ads ran without a disclaimer,≤100
371171589575669,China.org.cn,These ads ran without a disclaimer,≤100
943787985763217,Rashed Kouhestani راشد,These ads ran without a disclaimer,≤100
107732385015643,pilotjoni,These ads ran without a disclaimer,≤100
897091320427120,LSE International Inequalities Institute,These ads ran without a disclaimer,≤100
101447085880510,Piper,These ads ran without a disclaimer,≤100
130136833750497,IELTS Official,These ads ran without a disclaimer,≤100
104113425861099,V Chiryassov,These ads ran without a disclaimer,≤100
1175630379148974,China Xinhua Sci-Tech,These ads ran without a disclaimer,≤100
427787940590188,Радио Китай,These ads ran without a disclaimer,≤100
110907814717215,tojmarketing.tj,These ads ran without a disclaimer,≤100
1566040593688735,The Fuddhist,These ads ran without a disclaimer,≤100
106491102017366,alitourchi,These ads ran without a disclaimer,≤100
354397697217,IEEE Xplore,These ads ran without a disclaimer,≤100
189232005248268,CTG,These ads ran without a disclaimer,≤100
479285342097950,AeroTime,These ads ran without a disclaimer,≤100
14957887077,Freedom House,These ads ran without a disclaimer,≤100
19595510126,Annual Reviews,These ads ran without a disclaimer,≤100
100854322946479,imron_dodomatoff,These ads ran without a disclaimer,≤100
126851494019482,Hyatt,These ads ran without a disclaimer,≤100
208685479508187,U-Report Global,These ads ran without a disclaimer,≤100
187429968296722,Harvard Online,These ads ran without a disclaimer,≤100
806416839539228,Greenland Ruby,These ads ran without a disclaimer,≤100
425380981004454,ҚР ПІБ Медициналық орталығының ауруханасы,These ads ran without a disclaimer,≤100
72149536933,SKF,These ads ran without a disclaimer,≤100
1039675682714205,스브스뉴스,These ads ran without a disclaimer,≤100
315603771494,Milaap,These ads ran without a disclaimer,≤100
317463093373,The Akshaya Patra Foundation,These ads ran without a disclaimer,≤100
60516116431,Člověk v tísni,These ads ran without a disclaimer,≤100
101358409014521,New Age Literary Agency,These ads ran without a disclaimer,≤100
103648398093208,EduTourism for Unity,These ads ran without a disclaimer,≤100
402374586906969,DKT WomanCare Global,These ads ran without a disclaimer,≤100
230645183771966,EU SWITCH-Asia Programme,These ads ran without a disclaimer,≤100
1675360659149686,University of Aberdeen School of Geosciences,These ads ran without a disclaimer,≤100
358982878300106,Kalekim International,These ads ran without a disclaimer,≤100
102862682558865,Force Aircraft,These ads ran without a disclaimer,≤100
337545586705700,Заповедник,These ads ran without a disclaimer,≤100
103423415866044,2322322322,These ads ran without a disclaimer,≤100
357543730992619,Это Финляндия,These ads ran without a disclaimer,≤100
177035805689225,OSCE Academy,These ads ran without a disclaimer,≤100
105118752361945,greencard_expert,These ads ran without a disclaimer,≤100
103881712593655,danilokalezic,These ads ran without a disclaimer,≤100
104459290933838,WEKO,These ads ran without a disclaimer,≤100
103377668330393,Mirësi Për Botën,These ads ran without a disclaimer,≤100
139664717571,CERGE-EI,These ads ran without a disclaimer,≤100
279083325560817,Running Out of Time,These ads ran without a disclaimer,≤100
649980125613164,حدَّثَني كِتاب - Bibliomania,These ads ran without a disclaimer,≤100
1286486861452393,Asia World Model United Nations,These ads ran without a disclaimer,≤100
155438574470276,DW українською,These ads ran without a disclaimer,≤100
121291413237958,Ocean Material,These ads ran without a disclaimer,≤100
106362865041105,Pauline Ruck,These ads ran without a disclaimer,≤100
109025327599583,FICCI LEADS,These ads ran without a disclaimer,≤100
132737856598686,Free Palestine Together,These ads ran without a disclaimer,≤100
1244705842263957,World Highways,These ads ran without a disclaimer,≤100
103997142547258,和合文化全球论坛 Hehe Culture Global Forum,These ads ran without a disclaimer,≤100
136884656519145,IOM Poland,These ads ran without a disclaimer,≤100
23596074088,Dazed and Confused Magazine,These ads ran without a disclaimer,≤100
999188666785524,阿里巴巴集團,These ads ran without a disclaimer,≤100
2115853942019452,Yana Tarakanova,These ads ran without a disclaimer,≤100
105712015594786,Diego Andrade,These ads ran without a disclaimer,≤100
105252892472695,fopnetwork_russia,These ads ran without a disclaimer,≤100
634744666998112,Social Talks with M,These ads ran without a disclaimer,≤100
171522852874952,Juventus,These ads ran without a disclaimer,≤100
312898778847834,TERRAM PACIS,These ads ran without a disclaimer,≤100
1352874084790500,Fresenius Kabi,These ads ran without a disclaimer,≤100
224597158386607,Rosa Luxemburg Foundation,These ads ran without a disclaimer,≤100
267264199961398,Change the World Model United Nations,These ads ran without a disclaimer,≤100
517231405008910,Global Landscapes Forum,These ads ran without a disclaimer,≤100
31292782350,Deutschland.de,These ads ran without a disclaimer,≤100
2354017254707192,Learning English with Oxford,These ads ran without a disclaimer,≤100
1908125556089705,Lewis Pugh Foundation,These ads ran without a disclaimer,≤100
103765239208275,yusufhanugurlu_yasasin,These ads ran without a disclaimer,≤100
140223539170623,Russian Quran,These ads ran without a disclaimer,≤100
405379246524515,DHL Express,These ads ran without a disclaimer,≤100
111226201784446,Global Jobs Alert,These ads ran without a disclaimer,≤100
20800882791,Break,These ads ran without a disclaimer,≤100
81239734102,Nobel Prize,These ads ran without a disclaimer,≤100
643647332320553,Orient - أورينت,These ads ran without a disclaimer,≤100
285530825204,Klitschko,These ads ran without a disclaimer,≤100
111058825034903,Abroad Net,These ads ran without a disclaimer,≤100
105159028381339,Coach Drobinina Ksenia,These ads ran without a disclaimer,≤100
100337072874003,Midasbuy Rewards,These ads ran without a disclaimer,≤100
100994765608411,INN WORD Revival Now,These ads ran without a disclaimer,≤100
101468359486154,Авирта Новая рабочая,These ads ran without a disclaimer,≤100
138457552871898,Live Aqua Beach Resort Cancun,These ads ran without a disclaimer,≤100
430258463820053,International School of Ministry with Pastor Chris,These ads ran without a disclaimer,≤100
103789762224168,Xender emmanuel the  Internet Analyst,These ads ran without a disclaimer,≤100
198398326957053,Shree Krishnayan Desi Gauraksha Avam Golokdham Sewa Samiti,These ads ran without a disclaimer,≤100
198722273488352,The World's 50 Best Restaurants,These ads ran without a disclaimer,≤100
105363750882345,Young Activists Summit,These ads ran without a disclaimer,≤100
107582661152953,elahe_rahroniya,These ads ran without a disclaimer,≤100
101228658275135,fassker.cover,These ads ran without a disclaimer,≤100
146642329371798,Goher Iqbal Punn - Fully Funded Scholarships & Informational Content,These ads ran without a disclaimer,≤100
102819979455408,turanschool.kr,These ads ran without a disclaimer,≤100
110980888642151,Twibbon April,These ads ran without a disclaimer,≤100
112675286764083,Aggregates Business,These ads ran without a disclaimer,≤100
115359665000857,komilov.sh.a,These ads ran without a disclaimer,≤100
111622410196045,State of Youth,These ads ran without a disclaimer,≤100
117777647908592,Casa de Cultura Os Capoeira - SP,These ads ran without a disclaimer,≤100
114797118561022,Breda University of Applied Sciences,These ads ran without a disclaimer,≤100
1289843507717324,Youth for Asia,These ads ran without a disclaimer,≤100
130369030334301,KidsRights,These ads ran without a disclaimer,≤100
114618650398327,Экскурсии В Дубае & Оаэ,These ads ran without a disclaimer,≤100
335895097308909,Dr Aftab Ahmed Leghari Neurologist,These ads ran without a disclaimer,≤100
1717497868504337,Truth and Moments,These ads ran without a disclaimer,≤100
108103858747349,Mga Mensahe ng Islam,These ads ran without a disclaimer,≤100
101333659297829,arts.by.ross,These ads ran without a disclaimer,≤100
201289101461,Axis Communications,These ads ran without a disclaimer,≤100
102236795861091,Kingsboss Tv,These ads ran without a disclaimer,≤100
315522621802336,InstaForex,These ads ran without a disclaimer,≤100
105279404486058,Mahtab Hanna,These ads ran without a disclaimer,≤100
100889322590952,عطر الكلام,These ads ran without a disclaimer,≤100
1598860693706208,Melilian Asesores Migratorios,These ads ran without a disclaimer,≤100
102386009265966,Aline Antunes,These ads ran without a disclaimer,≤100
100110599507064,Secret Top Aircraft,These ads ran without a disclaimer,≤100
102938748936839,ram.rihan,These ads ran without a disclaimer,≤100
108177488246318,sofia_yuel,These ads ran without a disclaimer,≤100
28312410177,World Food Programme,These ads ran without a disclaimer,≤100
122004657547630,Uluslararası Hizmet ve Yardımlaşma Derneği,These ads ran without a disclaimer,≤100
686942525506010,Sovyshka,These ads ran without a disclaimer,≤100
201594923210735,Muniba Mazari,These ads ran without a disclaimer,≤100
503951883021764,ShareTheMeal,These ads ran without a disclaimer,≤100
106012722215909,mohsen___hassani,These ads ran without a disclaimer,≤100
805499066304399,Centre for International Studies and Development,These ads ran without a disclaimer,≤100
327115907736300,Asia Global Institute,These ads ran without a disclaimer,≤100
212428362170262,"NGO & Civil Society Center, Asian Development Bank ADB",These ads ran without a disclaimer,≤100
147617885091272,Sana khan,These ads ran without a disclaimer,≤100
101673919338826,Красота Вокруг,These ads ran without a disclaimer,≤100