﻿Page ID,Page name,Disclaimer,Amount spent (USD)
115012276965624,Daniel Noboa  Azin,Daniel Noboa Azin,101
116150671445913,NOBOA,ADN ECUADOR,≤100
78687307816,UNICEF Ecuador,UNICEF Ecuador,≤100
363247223714714,Ministerio Inclusión Económica Social Ecuador,Ministerio de Inclusión Económica y Social,≤100
166033100725397,Romel Sarmiento Castro,Romel Sarmiento Castro,≤100
606618406100257,Municipio de Quito,Municipio de Quito,≤100
323805931445,Nature's Garden,Nature´s Garden,≤100
110697028588853,Sinohydro Ecuador,Sinohydro Ecuador,≤100
102332008785713,Secretaría de Gestión y Desarrollo de Pueblos y Nacionalidades,CORAPE,≤100
129803967052432,Consejo Nacional Electoral del Ecuador,Consejo Nacional Electoral del Ecuador,≤100
1618878315051327,Gobierno  de Sucúa,Gobierno  de Sucúa,≤100
414870045193995,Ministerio de Salud Pública,Ministerio de Salud Pública,≤100
240914016845675,U-Report Ecuador,U-Report Ecuador,≤100
184215368305850,Defensoría del Pueblo de Ecuador - dpe,Defensoría del Pueblo de Ecuador - dpe,≤100
732902493718143,Alcaldía Ciudadana de Milagro,Alcaldía Ciudadana de Milagro,≤100
2437081733186590,Municipalidad de Francisco de Orellana,Municipalidad de Francisco de Orellana,≤100
101056676141616,Asesoría Política - Goberna Ecuador,Goberna Ecuador S.A.S,≤100
175863792269996,Armando Muyolema,Alliwa Pazmiño,≤100
108657847619569,Goberna Ecuador,Goberna Ecuador,≤100
103279694914377,Patricia Nuñez,Patricia Nuñez,≤100
216098790391054,KAS Ecuador,Konrad Adenauer Stiftung Ecuador,≤100
107559148243905,Pedro Solines,Pedro Solines,≤100
104888682219011,Cristina Chavez,Cristina Chavez,≤100
117240634805027,NOBOA POWER,ADN ECUAODOR,≤100
114884491688888,Acción Colectiva UCE,Acción Colectiva UCE,≤100
115792801505373,ACNUR Ecuador,ACNUR Ecuador,≤100
123860160810366,April Jefferson,These ads ran without a disclaimer,≤100
120138160331599,EDUCATICS,EDUCATICS,≤100
105539772365757,Mentordemy,Mentordemy,≤100
255834667960757,Municipio Cuenca,These ads ran without a disclaimer,≤100
113538611833079,La Perla Segura,La Perla Segura,≤100
81089852182,U.S. Embassy Ecuador,Embassies: U.S. Embassy Ecuador,≤100
114788238373892,Obras en Movimiento,Obras en Movimiento,≤100
105052452657811,Fernanda Robles a Asambleísta -Azuay,Fernanda Robles,≤100
111030792086480,Turismo Verde GYE,Turismo Verde GYE,≤100
163481690342750,Raúl Zambrano,Raúl Zambrano,≤100
195488207272178,Ciudadanía y Desarrollo,Ciudadanía y Desarrollo,≤100
101867643013173,Guayacos en Acción,Guayacos en Acción,≤100
108490398918042,Verdeando,Verdeando,≤100
113282708525226,Esto es Guayaquil,Esto es Guayaquil,≤100
425611490870393,ITQ -  Instituto Superior Tecnológico Quito,These ads ran without a disclaimer,≤100
129803967052432,Consejo Nacional Electoral del Ecuador,These ads ran without a disclaimer,≤100
114563290463943,Coraje Civil,Coraje Civil,≤100
103329418960692,Energies MDPI,These ads ran without a disclaimer,≤100
932320160301991,Jael Melo Olvera,Jael Melo Olvera,≤100
102342449358332,Fundación Gobernanza Participativa,Fundación Gobernanza Participativa,≤100
560604817703933,"Loja, Juntos Somos el Festival",These ads ran without a disclaimer,≤100
105030129359947,La Sapada Coqueta,La Sapada Coqueta,≤100
106598638206141,GJ Consultora,GJ Consultora,≤100
103886725073257,Kpop4Planet,These ads ran without a disclaimer,≤100
130941890847316,Yadira Saltos,Yadira Saltos,≤100
447831545247260,Audi Latinoamérica,These ads ran without a disclaimer,≤100
108407712351302,Esta Es Mi Zona,Esta Es Mi Zona,≤100
140019043330175,Oscar Ayerve,Oscar Ayerve,≤100
108541639004523,La Naple Guayaquil,La Naple Guayaquil,≤100
102495176054180,Corazón Diverso de Manabí,Corazón Diverso de Manabí,≤100
426252800900691,Jeison Urbano Informa,Jeison Urbano Informa,≤100
101076339759730,El Concejero,El Concejero,≤100
651760604975289,Adrián Veloz,Adrián Veloz,≤100
174063102446968,Jhnishop03,These ads ran without a disclaimer,≤100
113180533427336,Equinoccio Digital Media,Equinoccio DIgital,≤100
118868117816229,Smart City Ecuador,Smart City Ecuador,≤100
181879065173259,Itsqmet - Its Quito Metropolitano,These ads ran without a disclaimer,≤100
310793955940013,Democracia Abierta,These ads ran without a disclaimer,≤100
102324595984877,CAP Academic,These ads ran without a disclaimer,≤100
376188813254067,Instituto Especialidades Técnicas - I.E.T,These ads ran without a disclaimer,≤100
1508286516050580,Angélica Fuentes,These ads ran without a disclaimer,≤100
147463988449983,andrea.garciabeltran,These ads ran without a disclaimer,≤100
100250122744391,MauroStendel,These ads ran without a disclaimer,≤100
1702138929926817,Mongabay Latam,These ads ran without a disclaimer,≤100
104882362278850,OSSO Group,These ads ran without a disclaimer,≤100
21269502606,TuneCore,These ads ran without a disclaimer,≤100
108345144391122,Vamospalcampo,These ads ran without a disclaimer,≤100
161666143844859,Sandvik,These ads ran without a disclaimer,≤100
111566261982249,The Next Wave - הגל הבא,These ads ran without a disclaimer,≤100
48933824970,Nebrija Universidad,These ads ran without a disclaimer,≤100
1583091218604378,Cría de cerdos ecológica del siglo XXI,These ads ran without a disclaimer,≤100
709430982419756,Thermo King Latinoamérica,These ads ran without a disclaimer,≤100
109747967277660,Enoch Marshals,These ads ran without a disclaimer,≤100
104159792790808,am.de.palestina,These ads ran without a disclaimer,≤100
108202298520665,Tatiana Safar,These ads ran without a disclaimer,≤100
209596159055433,Clase Ejecutiva UC,These ads ran without a disclaimer,≤100