﻿Page ID,Page name,Disclaimer,Amount spent (XCD)
287683225711,UN Environment Programme,UN Environment Programme with Facebook Ad Credits,≤100
108625789179165,Soi Dog Foundation,These ads ran without a disclaimer,≤100
709430982419756,Thermo King Latinoamérica,These ads ran without a disclaimer,≤100
68793499001,UNICEF,UNICEF with Facebook Ad Credits,≤100
105898939096628,Domani Media,These ads ran without a disclaimer,≤100
109211515409715,Cog-Pkg Media,These ads ran without a disclaimer,≤100
171522852874952,Juventus,These ads ran without a disclaimer,≤100
100904822517086,Non-Trivial,These ads ran without a disclaimer,≤100