﻿Page ID,Page name,Disclaimer,Amount spent (USD)
233077900045011,Dövlət Vergi Xidməti,Dövlət Vergi Xidməti,≤100
101605572118417,Qarabağ Dirçəliş Fondu,Qarabağ Dirçəliş Fondu,≤100
101706675429426,Karabakh Center,Qarabağ Dirçəliş Fondu,≤100
104996789058485,Defence Talks,Defence Talks,≤100
100175988362183,Farac Quliyev,Farac Quliyev,≤100
101289938053927,Elnur Allahverdiyev,Elnur Allahverdiyev,≤100
519983814812150,Xeberler,Xeberler,≤100
140177892505679,Sənaye Təhlükəsizliyi Zirvəsi,Sənaye Təhlükəsizliyi Zirvəsi,≤100
110942931787230,Sitata Gəl,Sitata Gəl,≤100
100185181783407,Meclis.info,Meclis.info,≤100
104355860955968,Press Klub,Press Klub,≤100
107865207734864,Ulvi Mehdiyev,Ulvi Mehdiyev,≤100
100202725184190,Caliber.Az,Caliber LLC,≤100
440623952641967,ASAN Xidmət,ASAN Xidmət,≤100
1564050067038839,REAL TV,REAL TV,≤100
219789853847,Ali Karimli (Əli Kərimli),Ali Karimli (Əli Kərimli),≤100
101852899504779,Yerli.media,These ads ran without a disclaimer,≤100
124303220586476,TRİBUNAT,TRİBUNAT,≤100
177856385592294,Kulis az,Kulis az,≤100
330940447588598,APA,APA,≤100
390795057658490,Ruslan İzzətli,Ruslan İzzətli,≤100
312254242135388,Interfax-Azerbaijan,Interfax-Azerbaijan,≤100
103321189131424,Bmcv,These ads ran without a disclaimer,≤100
388251631549752,ASAN İnnovativ İnkişaf Mərkəzi,ASAN İnnovativ İnkişaf Mərkəzi,≤100
116440761379590,Elşad Məmmədov,These ads ran without a disclaimer,≤100
338109312883186,China Xinhua News,These ads ran without a disclaimer,≤100
129439653869784,Alyona Lanskaya,These ads ran without a disclaimer,≤100
105956498923015,New Marina,These ads ran without a disclaimer,≤100