﻿Page ID,Page name,Disclaimer,Amount spent (PKR)
152235181296047,The Blue Truth,The Blue Truth,5633
577045818994760,Pakvoter,IFES with Facebook ad credits,4992
338109312883186,China Xinhua News,These ads ran without a disclaimer,1168
97429917898,ProPakistani,ProPakistani,1119
109771132134070,کتابوں کی بستی,Zauq E Adab,1091
810798735670755,Neo News,Neo News,601
1798435720478073,新華香港,These ads ran without a disclaimer,573
136685708574073,Islamic Political Movement,Islamic Political Movement,434
123311710858711,Asif Rafiq,Asif rafiq,407
2167817683483103,Kashif Ansari,Bss-Digital,405
150000881521027,I Love Aleem Khan,I Love Aleem Khan,400
594606007235747,Abdul Aleem Khan,Abdul Aleem Khan,395
112947078545412,Team Aleem Khan,Team Aleem Khan,297
543755195637715,Mian Aslam,Mian Aslam,288
182308198288864,Jamal Nasir Cheema,Jamal Nasir Cheema,288
101368689303795,New China Research,These ads ran without a disclaimer,160
103420499063138,Muhammad Ejaz Awan JI dik,Muhammad Ejaz Awan JI dik,158
407889229718531,Sardar Tanveer Ilyas Khan,Sardar Tanveer Ilyas Khan,156
101668989209510,Pakistan Insight,Pakistan Insight,135
109114801600782,CMO Balochistan,CMO Balochistan,113
141901502348814,Aid to Gaza,These ads ran without a disclaimer,111
238540110004238,Kashmir Express Digital,Kashmir Express Digital,108
1932653380379301,Abdul Berr,Abdul Berr,101
151355748051076,AAK Story,AAK Story,≤100
105028849009117,Real face,Real face,≤100
1652639938353733,Pakistan Freedom Movement Party,These ads ran without a disclaimer,≤100
109985552153626,PPP Barnala AJK,These ads ran without a disclaimer,≤100
105540202634919,Truth one,Truth one,≤100
102028857961829,Syasi Tajzia,Syasi Tajzia,≤100
1652639938353733,Pakistan Freedom Movement Party,Pakistan Freedom Movement Party,≤100
121797460861407,سیاسی منظرنامہ,سیاسی منظرنامہ,≤100
103306674584836,Malak Abdul Wali Kakar,Malak Abdul Wali Kakar,≤100
140424512493800,Abtal in Europe,Heros in Europe,≤100
117942941242996,Jamat e Islami District Malir,Jamat e Islami District Malir,≤100
339546623961729,Aam Admi Pakistan,Aam Admi Pakistan,≤100
553230211845664,Think Talk Today,Think Talk Today,≤100
141260235733836,I Support Aleem Khan,I Support Aleem Khan,≤100
196902934458860,Political Insight,Political Insight,≤100
234356803677511,Sardar Rehmat khan PP-3,Sardar Rehmat khan PP-3,≤100
212983605429003,World Footwear,These ads ran without a disclaimer,≤100
100484348398219,Akbar and Sons Publication,Akbar and Sons Publication,≤100
150666121454468,Nation With AAK,Nation With AAK,≤100
1986353971586428,Human Rights Council of Pakistan,Human Rights Council of Pakistan,≤100
344530185732680,Trust for Democratic Education and Accountability,These ads ran without a disclaimer,≤100
109593772224353,Theme Of Politics,Theme Of Politics,≤100
180339401818758,Syed Adeeb Haider,These ads ran without a disclaimer,≤100
106997165823692,Haqkiawaz01,Haqkiawaz01,≤100
115035742553277,Naeem Sheikh,Naeem Sheikh,≤100
102279879445589,Raja Muhammad Khan Abbasi,Raja Muhammad Khan Abbasi,≤100
111455751668161,Unique TV,Unique TV,≤100
102872499181334,GforGujranwala,GforGujranwala,≤100
151359801386885,Aleem Khan For Pakistan,Aleem Khan For Pakistan,≤100
105533515596578,سیاسی کڑی,سیاسی کڑی,≤100
142355402288146,Atif Ikram Sheikh,Atif Ikram Sheikh,≤100
109277665232711,Awami Show,Awami Show,≤100
228223405226531,Shubban ul Muslimeen,Shubban ul Muslimeen,≤100
931203933666198,Startup Pakistan,Startup Pakistan,≤100
125178364022340,G,These ads ran without a disclaimer,≤100
280353952085979,Read.PK,Read.PK,≤100
1507497616198380,Senator Dr. Afnan Ullah Khan,Senator Dr. Afnan Ullah Khan,≤100
117098358136701,One Pakistan,One Pakistan,≤100
330199837764950,Al Makki Al Madni Dialysis Centre,Al Makki Al Madni Dialysis Centre,≤100
398703174279862,Jamaat -e- Islami Punjab Central,Jamaat -e- Islami Punjab Central,≤100
597860000415785,Pakistan Islamic Republican Party,Pakistan Islamic Republican Party,≤100
102930152901221,WikiReadz,WikiReadz,≤100
2247025368865025,Haq News,Haq News,≤100
128287413702186,Osus Al Mohammadia,These ads ran without a disclaimer,≤100
107495152060480,True Fact with Hassan Aman,True Fact Pakistan,≤100
112689834835163,Ahmed Raza,Ahmed Raza,≤100
184996331359299,Istehkam e Pakistan Party - Sindh Chapter,MM Group of Companies,≤100
535874676880795,PPP Study Circle Faisalabad,PPP Study Circle Faisalabad,≤100
389438921109161,Touseef Abbasi,Touseef Abbasi,≤100
127877450416839,Pakistan Kisan Labour Party Pklp Official,Pakistan Kisan Labour Party Pklp Official,≤100
625283117549644,AZIZ ULLAH KHAN,AZIZ ULLAH KHAN,≤100
190360507967250,Oil and Gas Development Company Limited-OGDCL,These ads ran without a disclaimer,≤100
106714519165378,WisePakistan.com,WisePakistan.com,≤100
114783878391439,Riaz Gilani,These ads ran without a disclaimer,≤100
108465628962120,Anwerali Shahid,These ads ran without a disclaimer,≤100
107701204803602,Reality21,These ads ran without a disclaimer,≤100
132799109910384,Faiz Muhammad,These ads ran without a disclaimer,≤100
2075979862657388,Allama Dr Shabbir Hasan Maisami,Allama Dr Shabbir Hasan Maisami,≤100
113072941853920,اخوت بلا سود قرض,اخوت بلا سود قرض,≤100
101837288924546,Muslimi,These ads ran without a disclaimer,≤100
114498091672474,Adnan Gull,These ads ran without a disclaimer,≤100
105633348393796,Tasty Bite Fast Food & Desi Food,These ads ran without a disclaimer,≤100
2107858016193986,Voice of Sindh,Voice of Sindh,≤100
150000881521027,I Love Aleem Khan,These ads ran without a disclaimer,≤100
165924323268818,A 5,These ads ran without a disclaimer,≤100
925019934219066,Mardan Ali Zaidi,Mardan Ali Zaidi,≤100
138400672697594,Sajawal News TV Channel,These ads ran without a disclaimer,≤100
178800125314435,digital marketing loan,These ads ran without a disclaimer,≤100
115944438279305,DigitalPlan.PK,These ads ran without a disclaimer,≤100
100233486227910,Kamran Saeed Usmani,Kamran Saeed Usmani,≤100
129694643566195,Usama Niazi Tanoli,These ads ran without a disclaimer,≤100
226686207933637,Syed Hasnain Hashmi,Syed Hasnain Hashmi,≤100
106960382156045,IPP Punjab,IPP Punjab,≤100
109790571915080,Daa News,These ads ran without a disclaimer,≤100
102171992483533,Rana Naseer Ahmed,Rana Naseer Ahmed,≤100
103983599114046,Usman Yar Muhammad,These ads ran without a disclaimer,≤100
216045348461619,Waqas Ahmed Shaiq - Artist,Creative IT Park,≤100
105031248604146,CSS/PMS/PCS/FIA/General Knowledge Exams,These ads ran without a disclaimer,≤100
137920353419576,NWAA Studios,NWAA Studios,≤100
108930338963062,Adv Ali Haider Naqvi,Adv Ali Haider Naqvi,≤100
128607700336434,Info Rack,These ads ran without a disclaimer,≤100
380937261925952,Arfa Karim Foundation,These ads ran without a disclaimer,≤100
108911372259351,Viral 61,These ads ran without a disclaimer,≤100
1626512611009823,Jamia Hassan Bin Sabit RA,These ads ran without a disclaimer,≤100
1429161173803732,Down Up,These ads ran without a disclaimer,≤100
183719091486709,gstdmhady,These ads ran without a disclaimer,≤100
114874504842321,NRSP Sargodha Region,These ads ran without a disclaimer,≤100
111202710689113,Saqqaf Yasir,Saqqaf Yasir,≤100
1801711136755232,The People's Voice,These ads ran without a disclaimer,≤100
132663703264689,LahoreLive,These ads ran without a disclaimer,≤100
399123090502456,情報経営イノベーション専門職大学,These ads ran without a disclaimer,≤100
120169564399284,windows Black paper,These ads ran without a disclaimer,≤100
102384149455341,PMLN Lahore Official,PMLN Lahore Official,≤100
106073598256376,MQ's Advertising Agency,These ads ran without a disclaimer,≤100
1770348069692541,Entretenimiento,These ads ran without a disclaimer,≤100
143495268845599,Selina,These ads ran without a disclaimer,≤100
914848315323558,Aroon Parsad Advocate,These ads ran without a disclaimer,≤100
2107858016193986,Voice of Sindh,These ads ran without a disclaimer,≤100
107945495448608,Abdul Shakoor,These ads ran without a disclaimer,≤100
877349055639733,Shahzad Saleem Abbasi,These ads ran without a disclaimer,≤100
2075979862657388,Allama Dr Shabbir Hasan Maisami,These ads ran without a disclaimer,≤100
103532145829792,ابوبکر نوکھر نمائندہ جہان پاکستان,These ads ran without a disclaimer,≤100
326732251123204,Malik Riasat Sidrial - PP04 Attock,Malik Riasat Sidrial - PP04 Attock,≤100
118693631272258,عوامی نیشنل پارٹی اسلام آباد,Awami National Party Islamabad,≤100
105200335753725,Big Bang Marketing Pvt. Ltd,These ads ran without a disclaimer,≤100
157559467655666,Palesztin Állam Nagykövetsége - Budapest   سفارة دولة فلسطين لدى المجر,These ads ran without a disclaimer,≤100
177812268740740,Bedding Hub,These ads ran without a disclaimer,≤100
118856934453392,Tanveer Ahmed pti uk,These ads ran without a disclaimer,≤100
116591271464832,Kafeel Baig Kaifi,These ads ran without a disclaimer,≤100
149893398214153,Hafiz Sherazi,These ads ran without a disclaimer,≤100
110180455243066,چوہدری قمر جاوید گجر ان شاءاللہ ایم پی اے پی پی 71,These ads ran without a disclaimer,≤100
104159476074980,MyDiary,These ads ran without a disclaimer,≤100
317725688436329,Amir Zada Khan,These ads ran without a disclaimer,≤100
184996331359299,Istehkam e Pakistan Party - Sindh Chapter,These ads ran without a disclaimer,≤100
1785608124834084,Adnan Afzal Chattha-PP 36,These ads ran without a disclaimer,≤100
115302374841755,Asad Nazir,These ads ran without a disclaimer,≤100
2028781734094065,MPA Munawar Ali Wassan,These ads ran without a disclaimer,≤100
109699388843151,Insaan Dost Qais Sheikh,These ads ran without a disclaimer,≤100
130044363531407,Umer Iftikhar,These ads ran without a disclaimer,≤100
154843844378877,M Hilal official,These ads ran without a disclaimer,≤100
109311245455321,Sajid Masood,These ads ran without a disclaimer,≤100
482423005156668,VoiceOfHazara.com,Voice Of Hazara,≤100
101475847938964,ENN Pakistan,These ads ran without a disclaimer,≤100
284898618904093,블레스문,These ads ran without a disclaimer,≤100
103648398093208,EduTourism for Unity,These ads ran without a disclaimer,≤100
151359801386885,Aleem Khan For Pakistan,These ads ran without a disclaimer,≤100
341612289715882,Pakistan Alliance for Early Childhood,These ads ran without a disclaimer,≤100
133459109850611,Team Shahid Iqbal Warya,These ads ran without a disclaimer,≤100
113205131621824,WorldOrder.News,These ads ran without a disclaimer,≤100
565225540184937,CGTN,These ads ran without a disclaimer,≤100
102458909040981,CSCEC in Central and West Africa,These ads ran without a disclaimer,≤100
183039418218286,Kaptaan IK,These ads ran without a disclaimer,≤100
100374392742057,Weregreenly- Magazine,These ads ran without a disclaimer,≤100
132624239942158,Benson Agnes,These ads ran without a disclaimer,≤100
100929648464258,Global Alliance of Territorial Communities,These ads ran without a disclaimer,≤100
153638101170769,Handmodas,These ads ran without a disclaimer,≤100
216311481960,Bill Gates,These ads ran without a disclaimer,≤100
589913688039969,Michigan Online,These ads ran without a disclaimer,≤100
155438574470276,DW українською,These ads ran without a disclaimer,≤100
9179830029,Queen Mary University of London,These ads ran without a disclaimer,≤100
718593461682300,Tanveer Ahmed Gondal,These ads ran without a disclaimer,≤100
158714780827513,UNFPA,These ads ran without a disclaimer,≤100
108601881874256,_sa._.h,These ads ran without a disclaimer,≤100
160284210649529,Bow Seat Ocean Awareness Programs,These ads ran without a disclaimer,≤100
101995732516626,سید ضیاء اللّٰہ شاہ بخاری,These ads ran without a disclaimer,≤100
1559901027613381,TRT World,These ads ran without a disclaimer,≤100
935155729926015,GD Today,These ads ran without a disclaimer,≤100