﻿Page ID,Page name,Disclaimer,Amount spent (PEN)
101665683225827,José Luna Gálvez - Pepe Luna,José Luna Gálvez - Pepe Luna,292
197915158409,Amnistía Internacional Perú,Amnistía Internacional Perú,≤100
140830679119546,Faces of flowers,These ads ran without a disclaimer,≤100
100329343001900,Gobierno Regional de Huancavelica,Gobierno Regional de Huancavelica,≤100
346829165513127,Compromiso Médico por el Perú,Compromiso Médico por el Perú,≤100
119885034548322,Making jewellery,These ads ran without a disclaimer,≤100
134437779752348,Art cafe,These ads ran without a disclaimer,≤100
168769319648659,Business Networking Directory,These ads ran without a disclaimer,≤100
128050720392459,Swiming,These ads ran without a disclaimer,≤100
110211763922990,Paul Laurente Enriquez - Consejero GORE - Provincia Huancavelica,Paul Laurente Enriquez - Consejero GORE - Provincia Huancavelica,≤100
139329502593569,Cheese making,These ads ran without a disclaimer,≤100
122710080930270,Cheese making,These ads ran without a disclaimer,≤100
141125385745834,Cheese making,These ads ran without a disclaimer,≤100
317113615022843,César Acuña,César Acuña,≤100
462790453744032,Sutep,Sindicato Unitario de Trabajadores en la Educación del Perú - SUTEP,≤100
264223880347121,Lampadia Oficial,LAMPADIA,≤100
117522224660287,El Huachiman,These ads ran without a disclaimer,≤100
389976681048925,ECMIA,Enlace Continental de Mujeres Indígenas de las Américas,≤100
101053675911037,Fabri & Asociados Consultoría Política y de Mercadeo,Fabri & Asociados Consultoría Política y de Mercadeo,≤100
433251497093145,Digna Calle,Digna Calle,≤100
111544567222627,Zósimo Cárdenas Muje - Gobernador Regional de Junín,Zósimo Cárdenas Muje - Gobernador Regional de Junín,≤100
145605348814317,Centro Cultural Petroperú,Centro Cultural Petroperú,≤100
534284396949027,Ilich López,Ilich López,≤100
102251592774261,Coalición Ciudadana,Coalición Ciudadana,≤100
342664855864,Consorcio de Investigación Económica y Social,Consorcio de Investigación Económica y Social,≤100
1438301896418216,Sumate Consejo Regional III Lima,Sumate Consejo Regional III Lima,≤100
157846834068539,Javier Daza - Máximo beneficio,These ads ran without a disclaimer,≤100
122060420999461,Art cafe,These ads ran without a disclaimer,≤100
113857973395461,Luis Angel Aragón - Congresista de la República,Luis Angel Aragón - Congresista de la República,≤100
105880532311447,Experto en Ingeniería,These ads ran without a disclaimer,≤100
1629211737145398,Dr. José Carlos Ordoñez,Dr. José Carlos Ordoñez,≤100
113277068057023,Cas Regular Asistencial MINSA,Cas Regular Asistencial MINSA,≤100
169376226254118,Business Ethics and Corporate Governance,These ads ran without a disclaimer,≤100
105760491846095,Alejandro Aguinaga congresista,Alejandro Aguinaga congresista,≤100
100245366437280,Perú Noticia,Perú Noticia,≤100
103733496375888,Gobierno Regional Cajamarca,Gobierno Regional Cajamarca,≤100
446915625816136,Segundo Montalvo,Segundo Montalvo,≤100
109157742287718,Identidad Integradora Nuevo Tahuantinsuyo,Identidad Integradora Nuevo Tahuantinsuyo,≤100
115378978323708,Pepe Feria,Pepe Feria,≤100
161024241267665,Julio César Silva Meneses - Abogado,Julio César Silva Meneses - Abogado,≤100
100330785132565,Saca tu cuenta,Asociación Contribuyentes por Respeto,≤100
447831545247260,Audi Latinoamérica,These ads ran without a disclaimer,≤100
443071692524907,Qosqo Times,Qosqo Times,≤100
2158705691014951,Hartos De Corrupción,Hartos De Corrupción,≤100
103641029273278,Germán Tacuri - Congresista,Germán Tacuri - Congresista,≤100
1798435720478073,新華香港,These ads ran without a disclaimer,≤100
100823508506211,Bancada Acción Popular,Bancada Acción Popular,≤100
107290784647450,HB Abogados,HB Abogados,≤100
211159199053043,Punto de Encuentro,Punto de Encuentro,≤100
175733428947394,Compromiso Médico por el Perú Chimbote 2024 - 2027,MARKINTEC,≤100
115547824978859,Adolfo Sotelo Pachas,Adolfo Sotelo Pachas,≤100
1654395531520143,Martin Paredes Lostaunau,Martin Paredes Lostaunau,≤100
102884431300214,Somos Libres,Somos Libres,≤100
196140697656186,Len Corell,Len Corell,≤100
114641937800685,Rafael Gastón Santos Normand,Merino Abanto,≤100
892724110780342,Remurpe,REMURPE,≤100
348918111931815,Videnza Consultores,Videnza Consultores,≤100
108345144391122,Vamospalcampo,These ads ran without a disclaimer,≤100
180519815314343,Grupo Propuesta Ciudadana,Grupo Propuesta Ciudadana,≤100
157330390800282,Noticias actuales,Lima dia a dia,≤100
106358828536567,Cebicheria Nocturna El Globo,These ads ran without a disclaimer,≤100
117819994612153,Congresista Flores Ancachi JORGE LUIS,Congresista Flores Ancachi JORGE LUIS,≤100
113196861596208,Walter Hupiu Tapia,These ads ran without a disclaimer,≤100
1805183599788143,Silvia Monteza,Silvia Monteza,≤100
104723341438240,EnRumbo Noticias,EnRumbo Noticias,≤100
3100489809991978,Concap Perú,These ads ran without a disclaimer,≤100
155333031727098,Periodismo urbano,These ads ran without a disclaimer,≤100
395206894359156,Enacap Perú - Escuela Nacional de Capacitación Profesional,These ads ran without a disclaimer,≤100
772887689429959,En Jaque Noticias,En Jaque Noticias,≤100
801851913192047,Colegio De Psicólogos Del Perú - Consejo Directivo Nacional,These ads ran without a disclaimer,≤100
459742357428274,Salud en Casa,These ads ran without a disclaimer,≤100
1536375629973878,Prensa La Eskina,La Eskina Ediciones EIRL,≤100
102009868271044,Noticias Piura,Noticias Piura,≤100
254817227975701,Maestría en Comunicaciones PUCP,These ads ran without a disclaimer,≤100
348099636296504,Amado Ruiz Rocha,These ads ran without a disclaimer,≤100
474392346103738,RCR Red de Comunicación Regional,Red de Comunicación Regional,≤100
108623321773752,Más Noticias Cix,These ads ran without a disclaimer,≤100
124627240725435,Lereader-Favorite novel,These ads ran without a disclaimer,≤100
123319347712109,Aplicaciones Tecnológicas Smart Earthing & Lightning Solutions,These ads ran without a disclaimer,≤100
148572478319942,Art cafe,These ads ran without a disclaimer,≤100
1583091218604378,Cría de cerdos ecológica del siglo XXI,These ads ran without a disclaimer,≤100
132286783297651,Financial Literacy Circle,These ads ran without a disclaimer,≤100
1471571022861452,Ad Noc,These ads ran without a disclaimer,≤100
100172795624738,Ranya Luxe,These ads ran without a disclaimer,≤100
142062936237878,Goberna,Goberna,≤100
227622537655549,CGTN en Español,These ads ran without a disclaimer,≤100
607646545926338,CAN Latinoamerica,These ads ran without a disclaimer,≤100
115363288200059,Henrique M. Lopes,These ads ran without a disclaimer,≤100