﻿Page ID,Page name,Disclaimer,Amount spent (NIO)
105907457899691,Cuenta Oficial del Partido PLC,Noralba González Palacios,3939
101995169082388,Embajada de China en Nicaragua,Lino Alvarado,2989
856012741442139,Ipas LAC,Neuma,2622
94005676787,Hitachi Vantara,These ads ran without a disclaimer,627
1727280190891954,FRANCE 24 Español,These ads ran without a disclaimer,550
101995169082388,Embajada de China en Nicaragua,Embajada de China en Nicaragua,519
200311319986305,JASS Mesoamérica,These ads ran without a disclaimer,429
167878593236712,UNICEF en español,These ads ran without a disclaimer,420
953657811446042,Conciencia Nacional por la Libertad Religiosa,These ads ran without a disclaimer,396
43880852708,Amnistía Internacional Américas,These ads ran without a disclaimer,367
573262636121978,Onda Local,These ads ran without a disclaimer,344
643513979193133,Justicia para Beatriz,Neuma,320
658136670883494,Tecnológico Nacional,Instituto Nacional Tecnológico - INATEC,226
227622537655549,CGTN en Español,These ads ran without a disclaimer,225
1702138929926817,Mongabay Latam,These ads ran without a disclaimer,186
105260558775032,Fuera de Línea,These ads ran without a disclaimer,183
73006545785,Embajada de Estados Unidos Managua,These ads ran without a disclaimer,172
147751821930575,Salud Digital Fundación Carlos Slim,These ads ran without a disclaimer,172
130369030334301,KidsRights,These ads ran without a disclaimer,149
342543309244937,People in Need América Latina,These ads ran without a disclaimer,148
110506498976027,Tigo Nicaragua,These ads ran without a disclaimer,147
102782234082,Auditool,These ads ran without a disclaimer,144
94199711897,Hábitat para la Humanidad,These ads ran without a disclaimer,143
131602424169035,Oxfam en Español,These ads ran without a disclaimer,120
152914224736727,Banco Mundial,These ads ran without a disclaimer,111
299659713702144,PepsiCo Caricam,These ads ran without a disclaimer,104
233654837608,La Crónica de Hoy,These ads ran without a disclaimer,104
100750359032478,STIHL Nicaragua / McGregor,Carolina Nohemy Gutierrez Alvarado,101
108991308230301,Central UNE - FNT,Santiago Vargas,≤100
379836622078991,Delegación de la Unión Europea-Nicaragua,Delegación de la Unión Europea en Nicaragua,≤100
108446567648192,CI Nicaragua,Instituto Nacional Tecnológico - INATEC,≤100
199183900150149,Platzi,These ads ran without a disclaimer,≤100
112039897818438,Ciruelax Centroamérica,These ads ran without a disclaimer,≤100
1728261037388281,Carvajal Empaques Centroamérica,These ads ran without a disclaimer,≤100
881090331961841,Nazil,These ads ran without a disclaimer,≤100
287842647957979,EU International Partnerships,These ads ran without a disclaimer,≤100
28312410177,World Food Programme,These ads ran without a disclaimer,≤100
82928774489,Panda Security,These ads ran without a disclaimer,≤100
161999180502449,World Food Programme,These ads ran without a disclaimer,≤100
340992532647246,cosmeticosalpormayor.com,These ads ran without a disclaimer,≤100
271720906203720,OIM México,These ads ran without a disclaimer,≤100
108350037422144,Hora de Hablar,These ads ran without a disclaimer,≤100
1720702718165314,ADAMA Ltd.,These ads ran without a disclaimer,≤100
903577146395715,Toronto Centre,These ads ran without a disclaimer,≤100
1684724295099974,Trending Taiwan潮台灣,These ads ran without a disclaimer,≤100
129075557117051,Gaia Education,These ads ran without a disclaimer,≤100
338109312883186,China Xinhua News,These ads ran without a disclaimer,≤100
102454815608298,Comercial el Mayoreo Nicaragua,These ads ran without a disclaimer,≤100
203124796450616,SE-COMISCA SICA,These ads ran without a disclaimer,≤100
267264199961398,Change the World Model United Nations,These ads ran without a disclaimer,≤100
358442097543367,Materia,These ads ran without a disclaimer,≤100
101431026180857,Entretenimiento,These ads ran without a disclaimer,≤100
163612320390775,Pantaleon,These ads ran without a disclaimer,≤100
115591005188475,Global Times,These ads ran without a disclaimer,≤100
1243388392422876,Oxfam en Centroamérica,These ads ran without a disclaimer,≤100
111039898715695,SCI Servicios Contables Independientes,These ads ran without a disclaimer,≤100
316667995124531,Banco Centroamericano de Integración Económica - BCIE,These ads ran without a disclaimer,≤100
7332451780,Saba University School of Medicine,These ads ran without a disclaimer,≤100
168784053795347,Fondo Monetario Internacional,These ads ran without a disclaimer,≤100
101149012784429,Inmigración Pro,These ads ran without a disclaimer,≤100
202318696463177,ILC América Latina,These ads ran without a disclaimer,≤100
297786364083413,Clínicas Salud Para El Mundo: Nicaragua,These ads ran without a disclaimer,≤100
103439528566493,Urnas Abiertas,These ads ran without a disclaimer,≤100
311431722397745,Unión Integral y Democrática de todos los pueblos-MID,These ads ran without a disclaimer,≤100
116780567115083,Tissue Online Latinoamérica,These ads ran without a disclaimer,≤100
100694966010922,USAenEspañol,These ads ran without a disclaimer,≤100
102227728415643,Lundbeck LATAM,These ads ran without a disclaimer,≤100
100904822517086,Non-Trivial,These ads ran without a disclaimer,≤100
112731733833728,Familias: Ahora,These ads ran without a disclaimer,≤100
275606287530,CEMEX,These ads ran without a disclaimer,≤100
68793499001,UNICEF,These ads ran without a disclaimer,≤100
211449615709050,Abogado de Inmigración Petro,These ads ran without a disclaimer,≤100
966314066749243,Instituto MexCol,These ads ran without a disclaimer,≤100
333541433377510,Plastico.com,These ads ran without a disclaimer,≤100
385385178182941,SIGNUS Ecovalor,These ads ran without a disclaimer,≤100
111363258538515,SHEIN MP 000,These ads ran without a disclaimer,≤100
19740928752,World Animal Protection,These ads ran without a disclaimer,≤100
121350964566751,DHL Motorsports,These ads ran without a disclaimer,≤100
190010265716,Cisco Networking Academy,These ads ran without a disclaimer,≤100
734179473324941,Heather Plett - author,These ads ran without a disclaimer,≤100
1518710175015094,Codinsa Nicaragua,These ads ran without a disclaimer,≤100
387287078528,Líder Moderno,These ads ran without a disclaimer,≤100
1863696317253517,Rocío Briceño,These ads ran without a disclaimer,≤100
959056307619135,Just Perfact,These ads ran without a disclaimer,≤100
108424468686641,Alencar Gomes,These ads ran without a disclaimer,≤100
274138756817,Architonic,These ads ran without a disclaimer,≤100
950981931604618,flugel.it,These ads ran without a disclaimer,≤100
105072076742502,Enrique Sáenz,These ads ran without a disclaimer,≤100
177854402389449,Imdosoc,These ads ran without a disclaimer,≤100
109037265176294,Help Ukraine,These ads ran without a disclaimer,≤100
1823807254333065,Soy Más País,These ads ran without a disclaimer,≤100
208685479508187,U-Report Global,These ads ran without a disclaimer,≤100
845620825830146,Deel,These ads ran without a disclaimer,≤100
102368071158002,Solis Latam,These ads ran without a disclaimer,≤100
694588307224013,Maritere Rodríguez Bellas,These ads ran without a disclaimer,≤100
112040704731277,A l l n o v e l-RS,These ads ran without a disclaimer,≤100
116561814660101,Noticias Impacto,These ads ran without a disclaimer,≤100
1583091218604378,Cría de cerdos ecológica del siglo XXI,These ads ran without a disclaimer,≤100
111936954888747,Ferreteria Fermeci,These ads ran without a disclaimer,≤100
115877176862525,Nómina Dos,These ads ran without a disclaimer,≤100
483406049080234,Sport Bar Y Restaurante Coliseo Norteño Teustepe,These ads ran without a disclaimer,≤100
208371683037269,NBCU Catalyst,These ads ran without a disclaimer,≤100
128071033870721,Voz de América,These ads ran without a disclaimer,≤100
127187187348820,Kaspersky,These ads ran without a disclaimer,≤100
306232446505213,Noches de Ciberseguridad,These ads ran without a disclaimer,≤100
114150670373548,Sentra,These ads ran without a disclaimer,≤100
479285342097950,AeroTime,These ads ran without a disclaimer,≤100
104216809146875,Ricky del Río Alcalde Arecibo 2024,These ads ran without a disclaimer,≤100
58895017663,Banco Interamericano de Desarrollo,These ads ran without a disclaimer,≤100
110917371847867,Marisol Ortiz,These ads ran without a disclaimer,≤100
751269661657206,Bayer Crop Science México,These ads ran without a disclaimer,≤100
250305668489402,Professor Kenny,These ads ran without a disclaimer,≤100
396288767059178,CallApp,These ads ran without a disclaimer,≤100
103119541432541,Leedu,These ads ran without a disclaimer,≤100
386252852217600,Género y Metodologías,These ads ran without a disclaimer,≤100
278955952145887,eneloop,These ads ran without a disclaimer,≤100
1834313933459789,BBC StoryWorks,These ads ran without a disclaimer,≤100
108125448333137,Kiut CAM,These ads ran without a disclaimer,≤100
304971412943967,Instituto de Zumpango en Estudios Superiores en Criminalística IZESC,These ads ran without a disclaimer,≤100
355294818398842,Escuela Mexicana de la Construcción,These ads ran without a disclaimer,≤100
109096360620199,NWprofessionaltraders,These ads ran without a disclaimer,≤100
255963405063733,HackSureste,These ads ran without a disclaimer,≤100
960506630660869,Ejército de Nicaragua,These ads ran without a disclaimer,≤100
157080284391723,Oriéntame,These ads ran without a disclaimer,≤100
102897375582862,Caminovela,These ads ran without a disclaimer,≤100
100235912553845,Don Telica/Licoreria,These ads ran without a disclaimer,≤100
1428408544046887,Flacso Uruguay,These ads ran without a disclaimer,≤100
101995169082388,Embajada de China en Nicaragua,These ads ran without a disclaimer,≤100
102884708899114,Burs Advisory,These ads ran without a disclaimer,≤100
17108722387,Fundación Gabo,These ads ran without a disclaimer,≤100
1766284343430376,Ijole Boaco,These ads ran without a disclaimer,≤100
587453818082309,ElHospital.com,These ads ran without a disclaimer,≤100
102635655320437,Number Match - Logic Puzzle Game,These ads ran without a disclaimer,≤100
118187888198787,מדברים｜כי האמת שווה שיחה,These ads ran without a disclaimer,≤100
109149841387092,maquillandopermanente,These ads ran without a disclaimer,≤100
315659968914693,FICEM,These ads ran without a disclaimer,≤100
105924582287904,maquillandopermanente,These ads ran without a disclaimer,≤100
161666143844859,Sandvik,These ads ran without a disclaimer,≤100
106842612220070,Reveal Dance,These ads ran without a disclaimer,≤100
1835085710042192,Haifa Group México,These ads ran without a disclaimer,≤100
119405895873,Huawei,These ads ran without a disclaimer,≤100
103560496038224,Centro Educativo Truper,These ads ran without a disclaimer,≤100
166696645047489,Fundación Marcelíno Muñoz,These ads ran without a disclaimer,≤100
100860802065599,LyN BioLearning,These ads ran without a disclaimer,≤100
105363981572150,Moon Colonization Program,These ads ran without a disclaimer,≤100
106331474473738,Esport Mobile,These ads ran without a disclaimer,≤100
102663091998853,Vida Circular Mx,These ads ran without a disclaimer,≤100
108625789179165,Soi Dog Foundation,These ads ran without a disclaimer,≤100
598065966945557,Grupo Empresarial R&O,These ads ran without a disclaimer,≤100
110281177818474,raphaela.gromes,These ads ran without a disclaimer,≤100
1465646276779035,Los Secretos Judíos,These ads ran without a disclaimer,≤100
422961008105961,Brigada Animal México,These ads ran without a disclaimer,≤100
292129440851133,CropLife Latin America,These ads ran without a disclaimer,≤100
100374392742057,Weregreenly- Magazine,These ads ran without a disclaimer,≤100
802090139805877,Tony Marioghae,These ads ran without a disclaimer,≤100
109396035407369,Adopción Espiritual de un niño no nacido  peligro de aborto. Costa Rica,These ads ran without a disclaimer,≤100
131347596900240,Servindi,These ads ran without a disclaimer,≤100
442304599158563,Alianza Mesoamericana de Pueblos y Bosques,These ads ran without a disclaimer,≤100
738576422839610,ProDESC AC,These ads ran without a disclaimer,≤100
102035035940569,Da Vida a la Vida,These ads ran without a disclaimer,≤100
439733729429081,"US UCIA Corporation, Inc.",These ads ran without a disclaimer,≤100
104606311810920,Viviendo sin tapujos,These ads ran without a disclaimer,≤100
149361515084943,Guardianes,These ads ran without a disclaimer,≤100
463117277060098,Franja Visual,These ads ran without a disclaimer,≤100
109754452061707,Ebenezer Afolabi,These ads ran without a disclaimer,≤100
101050549389500,Securetronic,These ads ran without a disclaimer,≤100
175097051698,Fidhelios,These ads ran without a disclaimer,≤100
1096538887134446,Reuters Plus,These ads ran without a disclaimer,≤100
2238793973101135,Leonardo Ferraz,These ads ran without a disclaimer,≤100
146627512070062,International Air Transport Association (IATA),These ads ran without a disclaimer,≤100
451972545594116,Roche Colombia,These ads ran without a disclaimer,≤100
104897268381196,LeNovel,These ads ran without a disclaimer,≤100
196591384247037,Frente Unido Democrático,These ads ran without a disclaimer,≤100
276474589059952,Voces Nuestras,These ads ran without a disclaimer,≤100
1594062377541802,UNFPA Nicaragua,These ads ran without a disclaimer,≤100
747420075340256,El Agricultor Primero,These ads ran without a disclaimer,≤100
903379026492506,Articulación de Movimientos Sociales y OSC Nicaragua,These ads ran without a disclaimer,≤100
372571216559944,Movimiento Costeño Autoconvocado,These ads ran without a disclaimer,≤100
109076095187370,Youcan Global,These ads ran without a disclaimer,≤100
630786660668521,Red juvenil de Amugen,These ads ran without a disclaimer,≤100
154364391650120,Dr. Richard Saenz Coen,Richard Saenz Coen,≤100
7783116506,Animals Asia,These ads ran without a disclaimer,≤100
111711125555805,Carlos Ballesteros,These ads ran without a disclaimer,≤100
709430982419756,Thermo King Latinoamérica,These ads ran without a disclaimer,≤100
29283722950,Revista Medicina y Salud Pública,These ads ran without a disclaimer,≤100
110483105257417,Marketing de afliados Golden,These ads ran without a disclaimer,≤100
155523327651766,Lasarahuff,These ads ran without a disclaimer,≤100
663846023649419,Angy Joyas,These ads ran without a disclaimer,≤100
107440664621021,Sarah Flores Q.,These ads ran without a disclaimer,≤100
116704324641637,Fundacion De Búsqueda Y Rescate De Migrantes,These ads ran without a disclaimer,≤100
136275719722184,Diario El Litoral Santa Fe,These ads ran without a disclaimer,≤100
989602017780672,Mauricio Benoist,These ads ran without a disclaimer,≤100
103377668330393,Mirësi Për Botën,These ads ran without a disclaimer,≤100
112789051839751,Biny,These ads ran without a disclaimer,≤100
282609205261913,Soy Rico,These ads ran without a disclaimer,≤100
100357715349653,Noticias del Oso,These ads ran without a disclaimer,≤100
107040575646313,Renata Marina,These ads ran without a disclaimer,≤100
101203429485426,Panstar Cruise,These ads ran without a disclaimer,≤100
116904541494559,Brainy Bites,These ads ran without a disclaimer,≤100
589913688039969,Michigan Online,These ads ran without a disclaimer,≤100
1768832216739100,CEMarin,These ads ran without a disclaimer,≤100
102113055573820,adrianadocarmofigueiredo,These ads ran without a disclaimer,≤100
106883638833589,El Cambio Posible,These ads ran without a disclaimer,≤100
102511048839327,Salam_Spain 3,These ads ran without a disclaimer,≤100
1892960024315209,Red Católicas por el Derecho a Decidir de América Latina y el Caribe,These ads ran without a disclaimer,≤100
675887005894180,Red de Salud de las Mujeres Latinoamericanas y del Caribe,These ads ran without a disclaimer,≤100
781243092054672,Mariachi Pinolero De Managua,These ads ran without a disclaimer,≤100
116155101806729,CATIE (Centro Agronómico Tropical de Investigación y Enseñanza),These ads ran without a disclaimer,≤100
108940641362278,"Praxis TV - Escuela de Filosofía, UNA",These ads ran without a disclaimer,≤100
344769119523208,Adri Duque,These ads ran without a disclaimer,≤100
154364391650120,Dr. Richard Saenz Coen,These ads ran without a disclaimer,≤100
1584418911887676,Roavis,These ads ran without a disclaimer,≤100
628123024482516,Albaugh Centro América,These ads ran without a disclaimer,≤100
861734543866515,Teresa Galeano Psicóloga,These ads ran without a disclaimer,≤100
466173110104582,"El-Shaddai Ministry, Jesus Is Alive Global Worship Centre",These ads ran without a disclaimer,≤100
474338779342002,Guardianes Elementales Ojos Carmesí,These ads ran without a disclaimer,≤100
102464982799831,Petroil,These ads ran without a disclaimer,≤100
122125257549513,Entretenimiento Ala Carta,These ads ran without a disclaimer,≤100
107261784417419,Regenurate,These ads ran without a disclaimer,≤100
106057831076326,ACR Mundo,These ads ran without a disclaimer,≤100
109322002082471,"Blog de marxismo tercermundista científico, heterodoxo y anti-neocolonial",These ads ran without a disclaimer,≤100
103819171930334,Asociación de Caballistas Chinandega,These ads ran without a disclaimer,≤100
117172218135842,Valhalla moda urbana,These ads ran without a disclaimer,≤100
111566261982249,The Next Wave - הגל הבא,These ads ran without a disclaimer,≤100
435128629848177,Dky Fm,These ads ran without a disclaimer,≤100
1746061825627555,Guacamayas BookStore,These ads ran without a disclaimer,≤100
589408861751444,UNEP International Environmental Technology Centre,These ads ran without a disclaimer,≤100
172120929468471,Gestiones Legales Esteli,These ads ran without a disclaimer,≤100
482602631823380,Recursos Humanos TV,These ads ran without a disclaimer,≤100
261393040627329,Universidad Bíblica Latinoamericana,These ads ran without a disclaimer,≤100
420916501408724,Smart City Expo Latam Congress,These ads ran without a disclaimer,≤100
103970775116973,Six98Studio,These ads ran without a disclaimer,≤100
100104028388916,Descubriendo China,These ads ran without a disclaimer,≤100
100877928721655,Canny 420 - Cultiva tu Bienestar,These ads ran without a disclaimer,≤100
100531316051172,Passion 4 nigeria development initiatives,These ads ran without a disclaimer,≤100
74078019638,Better Work,These ads ran without a disclaimer,≤100
117531371235659,Inspirinia Ok,These ads ran without a disclaimer,≤100
102415047928145,Shanghai Electric,These ads ran without a disclaimer,≤100
1853157721481969,Roche Costa Rica,These ads ran without a disclaimer,≤100
366815896693520,Milo Claure,These ads ran without a disclaimer,≤100
104630912620139,historia.ordenmundial,These ads ran without a disclaimer,≤100
101539366235792,Loving from BTS/Blink Supporter,These ads ran without a disclaimer,≤100
104182772737758,Plan de Grama en el Norte,These ads ran without a disclaimer,≤100
114413588200270,Selous Advisory,These ads ran without a disclaimer,≤100
816582735098905,CMG Media - 씨엠지미디어,These ads ran without a disclaimer,≤100
107213477915343,Anuncios y Negocios,These ads ran without a disclaimer,≤100
100912541413695,Más Impulso,These ads ran without a disclaimer,≤100
1803279899993382,"Ni Una Palmadita, Fernanda Restrepo",These ads ran without a disclaimer,≤100
142118842309389,Buscando Migrantes Desaparecidos En La Frontera,These ads ran without a disclaimer,≤100
105558845684859,Instituto Benoist Latinoamericano,These ads ran without a disclaimer,≤100
401447723612339,Lau Vet,These ads ran without a disclaimer,≤100
113308084686127,Santuario Mayor del Amarre,These ads ran without a disclaimer,≤100
100635869603140,Los Protagonista Con Mauricio Huete Gutiérrez,These ads ran without a disclaimer,≤100
100139849723703,EducaciÒn Financiera 5.0,These ads ran without a disclaimer,≤100
317463093373,The Akshaya Patra Foundation,These ads ran without a disclaimer,≤100
765302097170348,Línea Cero,These ads ran without a disclaimer,≤100
102037482728814,alianzabosques,These ads ran without a disclaimer,≤100
333014073461514,Babel,These ads ran without a disclaimer,≤100
384700151565649,Centro Científico Tropical,These ads ran without a disclaimer,≤100
993765057429283,Diversey México y Centroamérica,These ads ran without a disclaimer,≤100
108875804858437,Antimilitantes,These ads ran without a disclaimer,≤100
105953807950158,Tiệm Nail Z,These ads ran without a disclaimer,≤100
110980888642151,Twibbon April,These ads ran without a disclaimer,≤100
103768275003624,creativemoodarchitecture,These ads ran without a disclaimer,≤100
327706557917992,Accedu,These ads ran without a disclaimer,≤100
123526545140257,CALA Accounting,These ads ran without a disclaimer,≤100
444959115580641,RedLacTrans,These ads ran without a disclaimer,≤100
430258463820053,International School of Ministry with Pastor Chris,These ads ran without a disclaimer,≤100
100388258930612,Alver Metalli Blog,These ads ran without a disclaimer,≤100
110444908674335,The American News,These ads ran without a disclaimer,≤100
20800882791,Break,These ads ran without a disclaimer,≤100
435259723296695,Política Internacional - Otra Mirada,These ads ran without a disclaimer,≤100
106161455010247,somostuyoymia,These ads ran without a disclaimer,≤100
100685516644957,Fundación Foro,These ads ran without a disclaimer,≤100
1039675682714205,스브스뉴스,These ads ran without a disclaimer,≤100
605180843301571,Familias defensoras del planeta,These ads ran without a disclaimer,≤100
101056148233140,SIGUARD,These ads ran without a disclaimer,≤100
250846898301272,Chicos.net,These ads ran without a disclaimer,≤100
102394388859794,Elcholu tv,These ads ran without a disclaimer,≤100
102957171797888,Inspiratorio.org,These ads ran without a disclaimer,≤100
188140874572413,Fundación Charles Darwin,These ads ran without a disclaimer,≤100
968639390005626,Banco Mundial Centroamérica y RD,These ads ran without a disclaimer,≤100
157367424853812,Producciones Vasquez,These ads ran without a disclaimer,≤100
188789377812793,Kongsberg Gruppen,These ads ran without a disclaimer,≤100
204847128458,World Parrot Trust,These ads ran without a disclaimer,≤100
324014361275123,ETprojectMusic,These ads ran without a disclaimer,≤100
114116259977743,Secretaría Técnica del Commca/SICA,These ads ran without a disclaimer,≤100
101289218907718,Web News,These ads ran without a disclaimer,≤100
370717746440398,La Maraña,These ads ran without a disclaimer,≤100
107094715390465,A Seat at the Table,These ads ran without a disclaimer,≤100
10423517786,Harvard Business Review,These ads ran without a disclaimer,≤100
31292782350,Deutschland.de,These ads ran without a disclaimer,≤100
1984620174988993,1945 Air Force,These ads ran without a disclaimer,≤100
72750481109,Structuralia,These ads ran without a disclaimer,≤100
110132152354600,CADAL,These ads ran without a disclaimer,≤100
194969153989105,ESPN Fans,These ads ran without a disclaimer,≤100
117593677945560,Jovenes Por juliaca,These ads ran without a disclaimer,≤100
132695819933215,World travel adventurer,These ads ran without a disclaimer,≤100
1766114710302448,Boston Consulting Group,These ads ran without a disclaimer,≤100
506125626117839,DEVI Rizos,These ads ran without a disclaimer,≤100
103822974904636,Guía de Sexo Seguro,These ads ran without a disclaimer,≤100
623220047870462,Amonette,These ads ran without a disclaimer,≤100
281736692164891,Globo Caribe,These ads ran without a disclaimer,≤100
109627347940016,"Salón Académico: Trabajos de investigación, Transcripciones y Redacciones",These ads ran without a disclaimer,≤100
223495844457800,China Plus Culture,These ads ran without a disclaimer,≤100
29056789480,Project Syndicate,These ads ran without a disclaimer,≤100
330588664374135,Sunshine Solar Internacional,These ads ran without a disclaimer,≤100
329398655099399,You Are Loved,These ads ran without a disclaimer,≤100
106120175623925,A-thletes.media,These ads ran without a disclaimer,≤100
322865159833,RCD Espanyol de Barcelona,These ads ran without a disclaimer,≤100
101885425056816,Sophia Lacayo,These ads ran without a disclaimer,≤100
1765540570394655,Prof. Hélio Venâncio,These ads ran without a disclaimer,≤100
908878692509737,العين الإخبارية,These ads ran without a disclaimer,≤100
106311632191492,Academia de Voleibol Prof. Javier Villa,These ads ran without a disclaimer,≤100
102024842248582,Consultoria Doble Ciclo,These ads ran without a disclaimer,≤100
100119972767683,Aircraft Lover,These ads ran without a disclaimer,≤100
179258128788331,Instituto de Politicas para la Sostenibilidad (IPS),These ads ran without a disclaimer,≤100
18983389920,Open Society Foundations,These ads ran without a disclaimer,≤100
122107795658000754,FLORY Green Material,These ads ran without a disclaimer,≤100
1085228278277905,Apostle Joanne,These ads ran without a disclaimer,≤100
106123632087157,Rodríguez Asistencia Legal,These ads ran without a disclaimer,≤100
100621219452909,Guoou sweater factory,These ads ran without a disclaimer,≤100
105265520843054,Great Movies,These ads ran without a disclaimer,≤100
101602921506001,Julianna Dubon,These ads ran without a disclaimer,≤100
100970059574672,Bisexual.org en Español,These ads ran without a disclaimer,≤100
102036312485838,Los Proverbios de Salomón,These ads ran without a disclaimer,≤100
1178907632131454,Galaxy Training,These ads ran without a disclaimer,≤100
108576277410743,The Next Hour,These ads ran without a disclaimer,≤100
124175870769230,Programa Adelante,These ads ran without a disclaimer,≤100
102049429241930,Entretenimiento,These ads ran without a disclaimer,≤100
171530886228701,Academia Barista Pro,These ads ran without a disclaimer,≤100
273770503576765,Libro de Mormón Oficial,These ads ran without a disclaimer,≤100
141505339052089,Fernando Fernandez,These ads ran without a disclaimer,≤100
111113447867154,The Daily Dose,These ads ran without a disclaimer,≤100
293389669120488,Blushing Brides,These ads ran without a disclaimer,≤100
129714513555800,Hyde Industry,These ads ran without a disclaimer,≤100
100639706272139,Bianca Gomes,These ads ran without a disclaimer,≤100
203490816328381,UD Almería,These ads ran without a disclaimer,≤100
152000511496023,UBC Sauder School of Business,These ads ran without a disclaimer,≤100
1543353175947544,Tibidabo Ediciones,These ads ran without a disclaimer,≤100
112266598269311,Fighter Jets,These ads ran without a disclaimer,≤100
399929296730642,Consejo Nacional de Cooperativas,These ads ran without a disclaimer,≤100
1500980146807748,DTC Energy Solutions,These ads ran without a disclaimer,≤100
109747967277660,Enoch Marshals,These ads ran without a disclaimer,≤100
202225953152762,Yomeanimo,These ads ran without a disclaimer,≤100
207745179235873,Thomas Hübl,These ads ran without a disclaimer,≤100
952603051424285,Puertas Abiertas América Latina,These ads ran without a disclaimer,≤100
288728395387167,Revista Abril,These ads ran without a disclaimer,≤100
121920741157559,Real Valladolid C.F. S.A.D,These ads ran without a disclaimer,≤100
1548871702035547,Університет імені Альфреда Нобеля,These ads ran without a disclaimer,≤100
113502287096979,I Luv Australia,These ads ran without a disclaimer,≤100
101082842736363,The world of reader,These ads ran without a disclaimer,≤100
946133165540703,Expediente Público,These ads ran without a disclaimer,≤100
231908277423664,HORA CERO,These ads ran without a disclaimer,≤100
933310850194959,Israel Alliance,These ads ran without a disclaimer,≤100
277122708999234,Casa McGregor,Carolina Nohemy Gutierrez Alvarado,≤100
241664783089008,Xin,These ads ran without a disclaimer,≤100
1575300589428722,Tony Flores Oficial,These ads ran without a disclaimer,≤100
123319347712109,Aplicaciones Tecnológicas Smart Earthing & Lightning Solutions,These ads ran without a disclaimer,≤100
102618175380907,Global Citizen,These ads ran without a disclaimer,≤100
19595510126,Annual Reviews,These ads ran without a disclaimer,≤100
102394101663244,Romance L i b r a r y,These ads ran without a disclaimer,≤100
101352349135054,Vernon Bateman,These ads ran without a disclaimer,≤100
101236935303293,Trivia.com - Trivia,These ads ran without a disclaimer,≤100
312898778847834,TERRAM PACIS,These ads ran without a disclaimer,≤100
880611255347800,Phoenix TV 鳳凰衛視,These ads ran without a disclaimer,≤100
467867539919427,Clorid S.A.,These ads ran without a disclaimer,≤100
105024247612563,Dyonn,These ads ran without a disclaimer,≤100
618086438391102,Taiwan in the EU and Belgium,These ads ran without a disclaimer,≤100
109197151930600,My Clean Energy,These ads ran without a disclaimer,≤100
1857723914544494,Cristoviveenmi tv,These ads ran without a disclaimer,≤100
108563024676088,COOLT,These ads ran without a disclaimer,≤100
134762503224216,ABBRobotics,These ads ran without a disclaimer,≤100
102153471654987,La vida en una historia.,These ads ran without a disclaimer,≤100
1590877284560136,Patti Harris,These ads ran without a disclaimer,≤100
102752382621452,Folix22 US,These ads ran without a disclaimer,≤100
153759051378784,Itä-Suomen yliopisto - University of Eastern Finland (UEF),These ads ran without a disclaimer,≤100
140392839153673,Viva España,These ads ran without a disclaimer,≤100
112210295510027,World Zionist Organization - ההסתדרות הציונית העולמית,These ads ran without a disclaimer,≤100
108645111787252,Discover Guilin,These ads ran without a disclaimer,≤100
107996315091233,月旦港事,These ads ran without a disclaimer,≤100
319739671441859,Floripa Mil Grau,These ads ran without a disclaimer,≤100
214061167976,El Tiempo Latino,These ads ran without a disclaimer,≤100
101055602163554,Too Cool - Stories,These ads ran without a disclaimer,≤100
110471551466933,Pepe Misterio Documentales,These ads ran without a disclaimer,≤100
104387498728560,Hype Hub,These ads ran without a disclaimer,≤100
255214471904421,Winston Betanco Politico Conservador,These ads ran without a disclaimer,≤100
199897540054379,Félix Gracia,These ads ran without a disclaimer,≤100
202228306454759,Thought For Food,These ads ran without a disclaimer,≤100
2092924957605425,Solis,These ads ran without a disclaimer,≤100
110868035202065,Camino recto,These ads ran without a disclaimer,≤100
1418847414842462,Asia Youth International MUN,These ads ran without a disclaimer,≤100
107989308686004,EFK Platform,These ads ran without a disclaimer,≤100
1531031720547315,"The International Institute on Race, Equality and Human Rights",These ads ran without a disclaimer,≤100
503951883021764,ShareTheMeal,These ads ran without a disclaimer,≤100
153371894688575,World Bank,These ads ran without a disclaimer,≤100
222957571664804,StudentHub,These ads ran without a disclaimer,≤100
105073207967492,CTG Perú,These ads ran without a disclaimer,≤100
101748359144012,Revelo Community Latin America,These ads ran without a disclaimer,≤100
175889425769412,BAR-TEK Motorsport,These ads ran without a disclaimer,≤100
102207552798601,Youth clicks,These ads ran without a disclaimer,≤100
106348682400630,Nova - AI Chatbot,These ads ran without a disclaimer,≤100
1585295568380378,Michael Laitman,These ads ran without a disclaimer,≤100
225195439441119,Escola do Cabelo Real,These ads ran without a disclaimer,≤100
40661806646,Electronic Groove,These ads ran without a disclaimer,≤100
149230191754256,IPS Agencia de Noticias,These ads ran without a disclaimer,≤100
2137506479796752,Unidad Nacional Azul y Blanco,These ads ran without a disclaimer,≤100
876457109153657,PMNCH,These ads ran without a disclaimer,≤100
393304404377707,中華人民共和國外交部駐香港特別行政區特派員公署,These ads ran without a disclaimer,≤100
100994765608411,INN WORD Revival Now,These ads ran without a disclaimer,≤100
101801685891012,Revista Knowable,These ads ran without a disclaimer,≤100
279345532129864,ההסתדרות הציונית העולמית,These ads ran without a disclaimer,≤100
118302564611246,Asamblea Nicaraguense Por La Democracia,These ads ran without a disclaimer,≤100
1374826826104281,Sensibo,These ads ran without a disclaimer,≤100
107347575690953,Cliente Express,These ads ran without a disclaimer,≤100
1256690557709650,Wholesale A4 Copy Papers - Buy Cheap A4 Copy Papers,These ads ran without a disclaimer,≤100
102962402632539,Jaime Parejo,These ads ran without a disclaimer,≤100
1057037797761604,Universidad José Martí de Latinoamérica Campus Mérida,These ads ran without a disclaimer,≤100
110147970736948,quiveracesar,These ads ran without a disclaimer,≤100
120460525135389,Educational Partners International,These ads ran without a disclaimer,≤100
160720010711227,Panel Rey,These ads ran without a disclaimer,≤100
315952816907,La India,These ads ran without a disclaimer,≤100
1400039696922366,Priceless Moment Productions and Events,These ads ran without a disclaimer,≤100
421602101555402,Solidarity Economy Association,These ads ran without a disclaimer,≤100
106409538244845,Français au Canada,These ads ran without a disclaimer,≤100
1077131932479669,Hannah Love Design,These ads ran without a disclaimer,≤100
104001605965893,Historical Wear,These ads ran without a disclaimer,≤100
137442569445398,TRUCK BR USA,These ads ran without a disclaimer,≤100
443464592695498,Owl Pro Drones,These ads ran without a disclaimer,≤100
224043818346072,LEDS LAC,These ads ran without a disclaimer,≤100
101351691906645,The Primary Market - News,These ads ran without a disclaimer,≤100
102284948764684,Aprende Oratoria,These ads ran without a disclaimer,≤100
116373134780373,Emprende con Reparaciones y Mantenimiento,These ads ran without a disclaimer,≤100
108562965017764,vaccottifer,These ads ran without a disclaimer,≤100
102023009327901,Global Compassion Coalition,These ads ran without a disclaimer,≤100
106699788869883,China Railway,These ads ran without a disclaimer,≤100
105036179534606,"Gildan, Making Apparel Better",These ads ran without a disclaimer,≤100
118298904539249,Gestión Posgrado Brasil,These ads ran without a disclaimer,≤100
104401217909899,RoboForex,These ads ran without a disclaimer,≤100
158714780827513,UNFPA,These ads ran without a disclaimer,≤100
385022441542202,Catholic Fundamentalism,These ads ran without a disclaimer,≤100
21269502606,TuneCore,These ads ran without a disclaimer,≤100
100727704806957,Alejandro Cabrera M.,These ads ran without a disclaimer,≤100
146822255731958,Fast Travel Games,These ads ran without a disclaimer,≤100
108584201404731,La Civiltà Cattolica - Edición en español,These ads ran without a disclaimer,≤100
105244831337004,Tomàs Aquino Mundial.,These ads ran without a disclaimer,≤100
102256156169065,Carol Martinez,These ads ran without a disclaimer,≤100
101457766031847,A dos pasos del cielo,These ads ran without a disclaimer,≤100
106824858744480,4life Online Store,These ads ran without a disclaimer,≤100
101650324812061,Sabrina la Princess,These ads ran without a disclaimer,≤100
197209696986111,CID Gallup,These ads ran without a disclaimer,≤100
358481724165689,UTS International Students,These ads ran without a disclaimer,≤100
216311481960,Bill Gates,These ads ran without a disclaimer,≤100
114302685099444,Lereader-Excellent Novel,These ads ran without a disclaimer,≤100
182593508465377,Centro de Investigación y Capacitación Marítimo Pesquero - CIMAP,These ads ran without a disclaimer,≤100
105166494637599,Tres60.travel,These ads ran without a disclaimer,≤100
106705935507742,Billycity,These ads ran without a disclaimer,≤100
1747956948592119,Visit 2 Israel,These ads ran without a disclaimer,≤100
560697324034897,Método Arcón,These ads ran without a disclaimer,≤100
268034023788373,Foro Liberal de America Latina,These ads ran without a disclaimer,≤100
109434022257153,Lereader-Happy Novel,These ads ran without a disclaimer,≤100
101436044789330,pato.cine,These ads ran without a disclaimer,≤100
801168856602067,Shadyside Church of Christ,These ads ran without a disclaimer,≤100
104504438466,Federal Voting Assistance Program - FVAP,These ads ran without a disclaimer,≤100
1387412604814552,Somos Afro,These ads ran without a disclaimer,≤100
621608187905344,ALER Satelital,These ads ran without a disclaimer,≤100
103443319251596,Jesus Carbonell,These ads ran without a disclaimer,≤100
326683317528728,Yesera Monterrey,These ads ran without a disclaimer,≤100
435588896597713,Fondo Camy,These ads ran without a disclaimer,≤100
102860875465067,New Marco Polo,These ads ran without a disclaimer,≤100
115634894871130,Fun magazine press,These ads ran without a disclaimer,≤100
109462710764873,政制及內地事務局,These ads ran without a disclaimer,≤100
30954968553,Smithsonian’s National Museum of the American Indian,These ads ran without a disclaimer,≤100
305828002808516,INHOPE - International Association of Internet Hotlines,These ads ran without a disclaimer,≤100
110544031660373,Enjoy Love Story,These ads ran without a disclaimer,≤100
1515909005308067,"Discover Nanjing, China",These ads ran without a disclaimer,≤100
315603771494,Milaap,These ads ran without a disclaimer,≤100
168355627035490,Jóvenes en Movimiento,These ads ran without a disclaimer,≤100
101388509327100,Extra famous,These ads ran without a disclaimer,≤100
109452985104987,Officialjombo1,These ads ran without a disclaimer,≤100
101837288924546,Muslimi,These ads ran without a disclaimer,≤100
128985777176957,Church Life Journal,These ads ran without a disclaimer,≤100
134278719946186,Bayer,These ads ran without a disclaimer,≤100
64588666340,Haaretz.com,These ads ran without a disclaimer,≤100
103690195919442,Klai Ferreira,These ads ran without a disclaimer,≤100
105363750882345,Young Activists Summit,These ads ran without a disclaimer,≤100
106450964481055,APsystems LATAM,These ads ran without a disclaimer,≤100
423609701387941,Peachbruh,These ads ran without a disclaimer,≤100
103777482481280,Marvin Vargas Preso Político 2011 #Nicaragua,These ads ran without a disclaimer,≤100
104461035435037,Las novelas más leídas,These ads ran without a disclaimer,≤100
111068872040824,Super Quiz,These ads ran without a disclaimer,≤100
131189377574,MDPI,These ads ran without a disclaimer,≤100
552009584828490,Comité Internacional de la Cruz Roja,These ads ran without a disclaimer,≤100
100044596562197,Pastor Tinu George,These ads ran without a disclaimer,≤100
107362038680548,El viaje de Orión,These ads ran without a disclaimer,≤100
270951116255236,GEA Farming,These ads ran without a disclaimer,≤100
100318311660991,Viva Studio,These ads ran without a disclaimer,≤100
111512855164069,Easy Scanner 1/11-3,These ads ran without a disclaimer,≤100
101368689303795,New China Research,These ads ran without a disclaimer,≤100
102943332181244,InmigrarBien,These ads ran without a disclaimer,≤100
597859916903978,Nomad Africa Magazine,These ads ran without a disclaimer,≤100
179855312221800,SERNA GROUP,These ads ran without a disclaimer,≤100
109753348739502,Ocho pe eme,These ads ran without a disclaimer,≤100
106532464278807,Caribbean Tree Planting Project,These ads ran without a disclaimer,≤100
105312739195327,Louise Marques,These ads ran without a disclaimer,≤100
183818095119937,Aire Nuestro,These ads ran without a disclaimer,≤100
104030615535397,AgriNews Play,These ads ran without a disclaimer,≤100
110113055153318,Claudia Mota,These ads ran without a disclaimer,≤100
103203742445632,Amos Healthcare,These ads ran without a disclaimer,≤100
303455713105608,Prensa Comunitaria,These ads ran without a disclaimer,≤100
999188666785524,阿里巴巴集團,These ads ran without a disclaimer,≤100
101510665889084,Tapon-Estilo explosivo novela,These ads ran without a disclaimer,≤100
100980079092161,Explore With Qasim,These ads ran without a disclaimer,≤100
556475357727793,World Organisation for Animal Health,These ads ran without a disclaimer,≤100
107017957928955,Discover Forgiveness,These ads ran without a disclaimer,≤100
103512969698091,Le Tour de France,These ads ran without a disclaimer,≤100
107174505331275,La Mansion de las Ideas,These ads ran without a disclaimer,≤100
112221226917224,RPS,These ads ran without a disclaimer,≤100
412409048849179,Behold Israel,These ads ran without a disclaimer,≤100
111783969059,Tony Robbins,These ads ran without a disclaimer,≤100
141271779363886,Christian Harfouche,These ads ran without a disclaimer,≤100
197184453658823,Mujer Verso a Verso,These ads ran without a disclaimer,≤100
155174084508744,Banque mondiale,These ads ran without a disclaimer,≤100
125335024157691,Promine,These ads ran without a disclaimer,≤100
127844267330383,Gastech Exhibition & Conference,These ads ran without a disclaimer,≤100
2261413827506055,Diálogo Político,These ads ran without a disclaimer,≤100
318820991498689,G-22,These ads ran without a disclaimer,≤100
104181035763790,Helena Fernandes,These ads ran without a disclaimer,≤100
1740336349557186,Colby Jeffers,These ads ran without a disclaimer,≤100
108452731838045,RecoveryNice-UK,These ads ran without a disclaimer,≤100
110242431205971,Ají Caribe TV,These ads ran without a disclaimer,≤100
187429968296722,Harvard Online,These ads ran without a disclaimer,≤100
256172641494184,Imperivm,These ads ran without a disclaimer,≤100
1580082582270698,General Auditing Commission,These ads ran without a disclaimer,≤100
111827148225737,Mauricio Leite,These ads ran without a disclaimer,≤100
1582097658746272,safe2choose,These ads ran without a disclaimer,≤100
8539814909,International Animal Rescue,These ads ran without a disclaimer,≤100
260505207474088,Libélula Cambio Climático,These ads ran without a disclaimer,≤100
107358737810334,Loros Sin Fronteras,These ads ran without a disclaimer,≤100
113067177682259,PMD - Dogs is my  world,These ads ran without a disclaimer,≤100
106917315589954,D Moda Importadora,These ads ran without a disclaimer,≤100
101998658413144,Black Streak Anime,These ads ran without a disclaimer,≤100
75608370019,United States Institute of Peace,These ads ran without a disclaimer,≤100
102326065956085,Pop Aircraft,These ads ran without a disclaimer,≤100
366107457198874,Rise of Kingdoms,These ads ran without a disclaimer,≤100
165590010172381,UDEFEGUA,These ads ran without a disclaimer,≤100
112872221753732,Sara Perez,These ads ran without a disclaimer,≤100
274394006605216,History A2Z Magazine,These ads ran without a disclaimer,≤100
402052193189194,Siemens,These ads ran without a disclaimer,≤100
115916901000107,Wildography,These ads ran without a disclaimer,≤100
749799358411025,Carlos Gonzalez,These ads ran without a disclaimer,≤100
670081116392846,𝙏𝒊𝙚𝒎𝙥𝒐 𝒅𝙚 𝙈𝒖𝙟𝒆𝙧 𝙄𝒏𝙘.,These ads ran without a disclaimer,≤100
103696617643882,Inthemixstyle,These ads ran without a disclaimer,≤100
161303029020,IOM - UN Migration,These ads ran without a disclaimer,≤100
106300075678269,Nación Pensante,These ads ran without a disclaimer,≤100
437841983045129,Dios no está callado,These ads ran without a disclaimer,≤100
275360522490014,Akãhatã,These ads ran without a disclaimer,≤100
1592184267758930,Round-Table,These ads ran without a disclaimer,≤100
227380361162581,Dj Dnny Boy,These ads ran without a disclaimer,≤100
193260427505090,Mack Trucks Latinoamérica,These ads ran without a disclaimer,≤100
100344592619224,CICEC,These ads ran without a disclaimer,≤100
106394965482360,Pedro Cardoso,These ads ran without a disclaimer,≤100
102819212436057,Ucrania Último Minuto,These ads ran without a disclaimer,≤100
111254080238119,ZenLyfe,These ads ran without a disclaimer,≤100
104992342372275,Mattia Surtees,These ads ran without a disclaimer,≤100
112757083778788,"Economic Daily, China",These ads ran without a disclaimer,≤100
349663218882346,Julio Ignacio Carrera Díaz,These ads ran without a disclaimer,≤100
101567018665085,Kiupik Queer Media,These ads ran without a disclaimer,≤100
108785235305079,ACUBA,These ads ran without a disclaimer,≤100
318006422243177,ALBA Network,These ads ran without a disclaimer,≤100
233285550514052,COMYMBA,These ads ran without a disclaimer,≤100
106020818387384,Oniceth DeJehova -Oracion Sanadora,These ads ran without a disclaimer,≤100
239982637475,Independent Evaluation Group (IEG),These ads ran without a disclaimer,≤100
947918838647994,Aruban Warriors- Movemento Indigena Arubano,These ads ran without a disclaimer,≤100
109630058836067,Nicaragua Renacerá,These ads ran without a disclaimer,≤100
124275457632741,ElectronicSpecifier,These ads ran without a disclaimer,≤100
102241185523610,PolitiK,These ads ran without a disclaimer,≤100
584272308252076,"Chavez Law Group, LLP",These ads ran without a disclaimer,≤100
608650595820049,The Conqueror Challenges,These ads ran without a disclaimer,≤100
141053389924963,"Zadra Law Firm, P.A.",These ads ran without a disclaimer,≤100
104860177562294,Latino/a Alliance of Fire and EMS,These ads ran without a disclaimer,≤100
108501864861415,Corazón Canino,These ads ran without a disclaimer,≤100
112147831902634,Ângela Martínez,These ads ran without a disclaimer,≤100
442714592765048,Mayra Berenice En Vivo,These ads ran without a disclaimer,≤100
163264350206850,liberta palestine,These ads ran without a disclaimer,≤100
102324389325088,Javier González Blandón,These ads ran without a disclaimer,≤100
110601208577334,Casa Senator Shop,These ads ran without a disclaimer,≤100
106962558985029,Naty Suarez,These ads ran without a disclaimer,≤100
107151211758954,Investing Revista,These ads ran without a disclaimer,≤100
101034006287116,MDPI Books,These ads ran without a disclaimer,≤100
112109935063365,El Compa Cacho,These ads ran without a disclaimer,≤100
101583879576253,Rubens Lopez,These ads ran without a disclaimer,≤100
463423310436,FIIAPP,These ads ran without a disclaimer,≤100
194476327278883,SGS,These ads ran without a disclaimer,≤100
216741958412414,Avon Worldwide,These ads ran without a disclaimer,≤100
84739343457,Motor.es,These ads ran without a disclaimer,≤100
1787885808135649,The Human Aspect,These ads ran without a disclaimer,≤100
1482174305394430,el pupitre de Pilu,These ads ran without a disclaimer,≤100
121789724227351,Climate and Earth Science,These ads ran without a disclaimer,≤100
999778296791529,Las Voces Internas,These ads ran without a disclaimer,≤100
103005762537821,Mejores Apps,These ads ran without a disclaimer,≤100
101603938364877,Logo Legitimo,These ads ran without a disclaimer,≤100
182974459306802,Bijoux Boutiques,These ads ran without a disclaimer,≤100
102093685620627,Best Diplomats,These ads ran without a disclaimer,≤100
357764431229,Center for Justice and International Law-CEJIL,These ads ran without a disclaimer,≤100
115363288200059,Henrique M. Lopes,These ads ran without a disclaimer,≤100
116066208106047,عالم مثير للاهتمام,These ads ran without a disclaimer,≤100
102878304613665,Global Heroes,These ads ran without a disclaimer,≤100
343731779325769,Pastor Tinu George,These ads ran without a disclaimer,≤100
103590738209058,Maria Clara,These ads ran without a disclaimer,≤100
1174024365982168,Howard的家居好物推荐,These ads ran without a disclaimer,≤100
114353343756792,Salam_Spain,These ads ran without a disclaimer,≤100
103890952284358,Bak Stories,These ads ran without a disclaimer,≤100
117039841320523,Big Pink Youth Dialogue,These ads ran without a disclaimer,≤100
102940261323794,Anna Zgambo,These ads ran without a disclaimer,≤100
351526138314390,Scaling Up Nutrition Civil Society Network,These ads ran without a disclaimer,≤100
107553662058080,Germano Romero,These ads ran without a disclaimer,≤100
184661098229492,Global Development Network,These ads ran without a disclaimer,≤100
191326714216113,Fundación Empresarial para la Acción Social (FUNDEMAS),These ads ran without a disclaimer,≤100
1975298409356242,Schaeffler REPXPERT México y CA,These ads ran without a disclaimer,≤100
104512079281534,Sueño Fácil,These ads ran without a disclaimer,≤100
1051097574989846,डाउन टू अर्थ,These ads ran without a disclaimer,≤100
169521923766238,Cibelae,These ads ran without a disclaimer,≤100
101126239650659,Frank-E-M,These ads ran without a disclaimer,≤100
109234018766722,Arkad-03,These ads ran without a disclaimer,≤100
102159957877813,CNPC Español,These ads ran without a disclaimer,≤100
110361148682520,Marli Almeida Ferreira,These ads ran without a disclaimer,≤100
102096732379895,Bride Stars,These ads ran without a disclaimer,≤100
107756041807121,oxfam_lac,These ads ran without a disclaimer,≤100
110830261589525,Movimiento Nativo Americano de Mexico,These ads ran without a disclaimer,≤100
112486717952649,Super Rich Tax,These ads ran without a disclaimer,≤100
640089569347286,"New Zealand Embassy, Mexico City",These ads ran without a disclaimer,≤100
147263715456655,Irrazonables,These ads ran without a disclaimer,≤100
109484729082711,Climate Tracker,These ads ran without a disclaimer,≤100
109058985571302,Fang Xinyan,These ads ran without a disclaimer,≤100
211219822244084,Centro Virtual de Aprendizaje,These ads ran without a disclaimer,≤100
669307523469574,EveryJew,These ads ran without a disclaimer,≤100
1493546934205422,Instituto Trivium,These ads ran without a disclaimer,≤100
114777685207518,Viva - Latinoamérica y El Caribe,These ads ran without a disclaimer,≤100
106765298897445,Mineração Inteligente,These ads ran without a disclaimer,≤100
168887553171428,Benjamin Romero,These ads ran without a disclaimer,≤100
399754700104901,The CEO Magazine,These ads ran without a disclaimer,≤100
726789840752983,Saki,These ads ran without a disclaimer,≤100
109662488246997,Explore Haikou,These ads ran without a disclaimer,≤100
109522291470320,Zivik Funding Programme,These ads ran without a disclaimer,≤100
101198866281088,Ana Mariaa,These ads ran without a disclaimer,≤100
203864836079,Study in the USA,These ads ran without a disclaimer,≤100
113003476380,IPYS,These ads ran without a disclaimer,≤100
105645202272681,Migración Hoy,These ads ran without a disclaimer,≤100
100479411618465,Orato,These ads ran without a disclaimer,≤100
856012741442139,Ipas LAC,These ads ran without a disclaimer,≤100
1599280066969824,Juan Ramón Ortiz-de la Torre Fernández-Aguarón,These ads ran without a disclaimer,≤100
7248739415,YOOX,These ads ran without a disclaimer,≤100
392927770763235,Equal Times,These ads ran without a disclaimer,≤100
212732770186,Tom MacDonald,These ads ran without a disclaimer,≤100
102835892869313,M.E.T Global Store,These ads ran without a disclaimer,≤100
107924793226971,Última trinchera,These ads ran without a disclaimer,≤100
488400941357594,Red Mises América - Mises America Network,These ads ran without a disclaimer,≤100
101260812642176,Zy_12,These ads ran without a disclaimer,≤100
105843615695667,Oscar H. Ortega,These ads ran without a disclaimer,≤100
101901762911269,Miss Spinner 2023,These ads ran without a disclaimer,≤100
104458994617452,Claypots we are,These ads ran without a disclaimer,≤100
363388004312003,STAEDTLERinst,These ads ran without a disclaimer,≤100
105480455297597,Johnson & Johnson Medical Devices Brasil,These ads ran without a disclaimer,≤100
105120655562483,Camila Garcia,These ads ran without a disclaimer,≤100
475120465911572,M&M Accessories Stewartsville . world travel,These ads ran without a disclaimer,≤100
111622410196045,State of Youth,These ads ran without a disclaimer,≤100
110422018472252,Kaeser Talk,These ads ran without a disclaimer,≤100
226406520645,YSL Beauty,These ads ran without a disclaimer,≤100
2221080737914155,OnMyMind,These ads ran without a disclaimer,≤100
111232968542053,Manual del Instalador Solar,These ads ran without a disclaimer,≤100
111934001883608,Emília Anastasia,These ads ran without a disclaimer,≤100
1936434949715365,Moneywise.com,These ads ran without a disclaimer,≤100
100167812242793,Pasá la Voz,These ads ran without a disclaimer,≤100
178312112245961,yesHEis,These ads ran without a disclaimer,≤100
112292811517806,منحة محمد بن سلمان للحج,These ads ran without a disclaimer,≤100
100172476278127,Easy Study,These ads ran without a disclaimer,≤100
136493343070646,Asociación Cívica por la Democracia,These ads ran without a disclaimer,≤100
107714748645793,Big Buzz,These ads ran without a disclaimer,≤100
108941249155931,Science and Nonduality Conference,These ads ran without a disclaimer,≤100
100126212204265,Homebond Properties,These ads ran without a disclaimer,≤100
101476759428261,Dacel Stewart,These ads ran without a disclaimer,≤100
316496640057,7iber,These ads ran without a disclaimer,≤100
237650313048963,China Admissions,These ads ran without a disclaimer,≤100
285530825204,Klitschko,These ads ran without a disclaimer,≤100
103286731467883,Psychedelic Spotlight,These ads ran without a disclaimer,≤100
102798535789625,El Tiempo MX,These ads ran without a disclaimer,≤100
155498814465634,Movimiento Puente,These ads ran without a disclaimer,≤100
872645536138395,Conexión Ternura,These ads ran without a disclaimer,≤100
104404948072,Ema Arius,These ads ran without a disclaimer,≤100