﻿Page ID,Page name,Disclaimer,Amount spent (EUR)
100751933349940,Институт за европска политика (ЕПИ)/European Policy Institute - EPI,Институт за европска политика (ЕПИ)/European Policy Institute - EPI,≤100
1482737048633478,Институт за комуникациски студии ИКС / Institute of Communication Studies,Институт за комуникациски студии,≤100
105285830908789,Bashkim Hasani,These ads ran without a disclaimer,≤100
407289156764172,City Cancer Challenge,These ads ran without a disclaimer,≤100
338194513033799,"Shoqata për Qëllime Humanitare ,, Ndihmo edhe Ti """,Fikret Ibrahimi,≤100
113971393585802,Galena,Mihajlo Crvenkovski,≤100
585004911835101,Framed Hoops / Canvases,These ads ran without a disclaimer,≤100
107996520602988,Demateli Agencija za Nedviznosti,Mladen Andov,≤100
1481955671833634,Moro Rabotnicka Partija,These ads ran without a disclaimer,≤100
117124910128854,Hasan Ahmetaj,These ads ran without a disclaimer,≤100
2234615446788179,Движење Бојкотирам,These ads ran without a disclaimer,≤100
248284445319548,Призма,These ads ran without a disclaimer,≤100