﻿Page ID,Page name,Disclaimer,Amount spent (USD)
626981214397561,Luis Carlos Silva,These ads ran without a disclaimer,≤100
107517208497489,Ministério das Finanças e Fomento Empresarial,Ministério das Finanças e Fomento Empresarial,≤100
135693983170440,Núcleo Operacional da Sociedade de Informação,These ads ran without a disclaimer,≤100
190126634445277,Africa Defense Forum ADF Magazine,These ads ran without a disclaimer,≤100
1019721761401300,Euclides Silva,Euclides Jorge Varela Da Silva,≤100
169947043036031,Câmara Municipal da Praia,Câmara Municipal da Praia,≤100
434438863316803,RFI Português,These ads ran without a disclaimer,≤100
1518216038506999,CRI - Rádio Internacional da China,These ads ran without a disclaimer,≤100
109405581423086,Ministério da Modernização do Estado e da Administração Pública,These ads ran without a disclaimer,≤100
338109312883186,China Xinhua News,These ads ran without a disclaimer,≤100
179452002735,Festival Sete Sóis Sete Luas,These ads ran without a disclaimer,≤100
105154255523676,Vander Gomes,Vander Gomes Presidente da JpD,≤100
250305668489402,Professor Kenny,These ads ran without a disclaimer,≤100
108752957547082,ton.bambuzero,These ads ran without a disclaimer,≤100
78420489721,MpD - Movimento para a Democracia,These ads ran without a disclaimer,≤100
111323794777366,Ministério da Economia Digital,Ministério da Economia Digital,≤100
107596762246836,Apoio à Candidatura de Ulisses Correia e Silva - Presidente MpD 2023,These ads ran without a disclaimer,≤100
1867075576894610,Fidel Cardoso de Pina,These ads ran without a disclaimer,≤100
109284404593672,Lucelene Almeida,These ads ran without a disclaimer,≤100
606447732800018,UE em Cabo Verde,These ads ran without a disclaimer,≤100
158714780827513,UNFPA,UNFPA,≤100
1047815738600336,"Vice Primeiro-Ministro e Ministro das Finanças, Olavo Correia",These ads ran without a disclaimer,≤100
113850851219092,China Chat,These ads ran without a disclaimer,≤100
192188049515,Kriol Jazz Festival,These ads ran without a disclaimer,≤100
127187187348820,Kaspersky,These ads ran without a disclaimer,≤100
103061592394639,Flor Liz,These ads ran without a disclaimer,≤100
282024608559605,IPDD - Instituto Politécnico Democracia e Desenvolvimento,IDD - Instituto Democracia e Desenvolvimento,≤100
500895353689021,Africa's Business Heroes,These ads ran without a disclaimer,≤100
491510930882399,JPAI Nacional - Juventude do PAICV,These ads ran without a disclaimer,≤100
299227550122220,Radio Cina Internazionale,These ads ran without a disclaimer,≤100
102635655320437,Number Match - Logic Puzzle Game,These ads ran without a disclaimer,≤100
115591005188475,Global Times,These ads ran without a disclaimer,≤100
108512875350,The Atlas Society,These ads ran without a disclaimer,≤100
197286593999,VOA Português,These ads ran without a disclaimer,≤100
371171589575669,China.org.cn,These ads ran without a disclaimer,≤100
110270714139698,"Ma Voix, Ma Santé - DAMCAM",These ads ran without a disclaimer,≤100
204740833658478,Exness Life,These ads ran without a disclaimer,≤100
488629597893093,Goodwall,These ads ran without a disclaimer,≤100
423670114403144,Trending in China,These ads ran without a disclaimer,≤100
795079500550035,Diário do Povo Online,These ads ran without a disclaimer,≤100
230834147675510,LabXchange,These ads ran without a disclaimer,≤100
147298808650899,"CVMA, Cabo Verde Music Awards",These ads ran without a disclaimer,≤100
100718982631860,Orlando Dias - Candidato a Presidente do MpD,These ads ran without a disclaimer,≤100
1798435720478073,新華香港,These ads ran without a disclaimer,≤100
1826241344357594,MultiChoice Group,These ads ran without a disclaimer,≤100
1473321922884514,Chińskie Radio Międzynarodowe,These ads ran without a disclaimer,≤100
195379320664027,Voz de Bissau,These ads ran without a disclaimer,≤100
102430228171094,Amadeu Cruz,These ads ran without a disclaimer,≤100
103105012815955,Fundação Mérito e Democracia - FMD,These ads ran without a disclaimer,≤100
565225540184937,CGTN,These ads ran without a disclaimer,≤100
190010265716,Cisco Networking Academy,These ads ran without a disclaimer,≤100
267390166679737,IESE - Instituto de Estudos Sociais e Económicos (Moçambique),These ads ran without a disclaimer,≤100
270082823183144,Canton Fair,These ads ran without a disclaimer,≤100
581009929249479,Main Hoon Anjali,These ads ran without a disclaimer,≤100
102877471454350,Kande Gao,These ads ran without a disclaimer,≤100
168508139975104,CGTN Türk,These ads ran without a disclaimer,≤100
427787940590188,Радио Китай,These ads ran without a disclaimer,≤100
102093685620627,Best Diplomats,These ads ran without a disclaimer,≤100
412409048849179,Behold Israel,These ads ran without a disclaimer,≤100
109819124036506,TVA,These ads ran without a disclaimer,≤100
222433727945691,Janira Hopffer Almada,These ads ran without a disclaimer,≤100
110250330354380,Discover Beijing,These ads ran without a disclaimer,≤100
102860875465067,New Marco Polo,These ads ran without a disclaimer,≤100
105363750882345,Young Activists Summit,These ads ran without a disclaimer,≤100
100107928941514,TDW-Trombeta De Wembo,These ads ran without a disclaimer,≤100
550280998481446,Rasha Kelej,These ads ran without a disclaimer,≤100
102164338173839,Fadoul Zakaria Fadoul,These ads ran without a disclaimer,≤100
102023009327901,Global Compassion Coalition,These ads ran without a disclaimer,≤100
535503280269676,Xinhua Culture&Travel,These ads ran without a disclaimer,≤100
176451929056436,Redress Design Award,These ads ran without a disclaimer,≤100
1175630379148974,China Xinhua Sci-Tech,These ads ran without a disclaimer,≤100
2552060571686733,Novakid Polska,These ads ran without a disclaimer,≤100
119405895873,Huawei,These ads ran without a disclaimer,≤100
821430017924241,Sungrow,These ads ran without a disclaimer,≤100
1860684820880112,Mina Guli,These ads ran without a disclaimer,≤100
349837788460874,CRI Kiswahili,These ads ran without a disclaimer,≤100
1891933867730555,Hola Fujian,These ads ran without a disclaimer,≤100
115916901000107,Wildography,These ads ran without a disclaimer,≤100
169687486427698,Jentezen Franklin,These ads ran without a disclaimer,≤100
107954162096392,Institute of Public Policy & Diplomacy Research,These ads ran without a disclaimer,≤100
155174084508744,Banque mondiale,These ads ran without a disclaimer,≤100
105597421722987,D. Hopffer Almada & Associados,These ads ran without a disclaimer,≤100
180296351980786,Climate Vulnerable Forum,These ads ran without a disclaimer,≤100
165525366896608,Soka Gakkai,These ads ran without a disclaimer,≤100
103013301743771,Global Environmental and Climate Conservation Initiative,These ads ran without a disclaimer,≤100
106262850889006,Majestic Inner Mongolia,These ads ran without a disclaimer,≤100
759660000745866,CC Studio,These ads ran without a disclaimer,≤100
109992798294853,Good View Hunting,These ads ran without a disclaimer,≤100
893704437379805,Power Africa,These ads ran without a disclaimer,≤100
191008277678958,Revista Macau,These ads ran without a disclaimer,≤100
68793499001,UNICEF,These ads ran without a disclaimer,≤100
106348682400630,Nova - AI Chatbot,These ads ran without a disclaimer,≤100
108655461411377,Valter Studio,These ads ran without a disclaimer,≤100
108003688977456,Wabi Sabi,These ads ran without a disclaimer,≤100
116066208106047,عالم مثير للاهتمام,These ads ran without a disclaimer,≤100
101165605992292,Amigos da Palestina,These ads ran without a disclaimer,≤100
109583141914545,Treinamento Rainha do Vale,These ads ran without a disclaimer,≤100
108005945590316,Elinaldo Silva,These ads ran without a disclaimer,≤100
109245524036950,Wisła i Jangcy,These ads ran without a disclaimer,≤100
7783116506,Animals Asia,These ads ran without a disclaimer,≤100
1108711572555122,GE Africa,These ads ran without a disclaimer,≤100
102151256048521,Don Divine Blade,These ads ran without a disclaimer,≤100
105887538253711,차이나 스토리 China Story,These ads ran without a disclaimer,≤100
173254003362613,WE ARE CHINA,These ads ran without a disclaimer,≤100
589913688039969,Michigan Online,These ads ran without a disclaimer,≤100
106423254910166,Le Docteur Aicha Yatabary,These ads ran without a disclaimer,≤100
102458909040981,CSCEC in Central and West Africa,These ads ran without a disclaimer,≤100
103309295656108,Nada's Planet Increment,These ads ran without a disclaimer,≤100
193159954041877,New Narratives,These ads ran without a disclaimer,≤100
852370551453606,GARP,These ads ran without a disclaimer,≤100
606117676714191,Yoyoasema,These ads ran without a disclaimer,≤100
107469088665612,ROCK TV Africa,These ads ran without a disclaimer,≤100
189232005248268,CTG,These ads ran without a disclaimer,≤100
109267975517064,Panel y Capacitación de Ingenierías,These ads ran without a disclaimer,≤100
1896684277254815,Sebastian Beja,These ads ran without a disclaimer,≤100
1064304623746252,Rights Africa,These ads ran without a disclaimer,≤100
342526129176907,World Maritime University - headquarters,These ads ran without a disclaimer,≤100
1534094793482007,University of Global Health Equity,These ads ran without a disclaimer,≤100
10606591490,TIME,These ads ran without a disclaimer,≤100
793541217464814,Cisco Global Problem Solver Challenge,These ads ran without a disclaimer,≤100
479285342097950,AeroTime,These ads ran without a disclaimer,≤100
109707204136954,Santosh Karande,These ads ran without a disclaimer,≤100
104658228238031,Jerusalem Online - Israel & The Middle East,These ads ran without a disclaimer,≤100
118160497969776,GrantLab,These ads ran without a disclaimer,≤100
191347651290,China Daily,These ads ran without a disclaimer,≤100
110584791401665,GeneZation Show,These ads ran without a disclaimer,≤100
223495844457800,China Plus Culture,These ads ran without a disclaimer,≤100
112757083778788,"Economic Daily, China",These ads ran without a disclaimer,≤100
147109888636038,Netafim,These ads ran without a disclaimer,≤100
1182128755219778,Japan Forward,These ads ran without a disclaimer,≤100
106347774982499,Giving Hope For Them,These ads ran without a disclaimer,≤100
333141140132864,China.org.cn,These ads ran without a disclaimer,≤100
122466425961,Toward Freedom,These ads ran without a disclaimer,≤100
108625789179165,Soi Dog Foundation,These ads ran without a disclaimer,≤100
880611255347800,Phoenix TV 鳳凰衛視,These ads ran without a disclaimer,≤100
117879722193956,The Man United Fans,These ads ran without a disclaimer,≤100
100629852697745,Get Wisdom,These ads ran without a disclaimer,≤100
1399933563560497,"Romanian Service, China Radio International",These ads ran without a disclaimer,≤100
103096928451939,Lucia studio,These ads ran without a disclaimer,≤100
146836722151434,Iberbibliotecas,These ads ran without a disclaimer,≤100
1579920062256328,Custom Content from WSJ,These ads ran without a disclaimer,≤100
1456172994602986,Beacon of Hope,These ads ran without a disclaimer,≤100
102973742572204,All Info Portal,These ads ran without a disclaimer,≤100
1635372166480101,TOP 2,These ads ran without a disclaimer,≤100
17043549797,MIT Technology Review,These ads ran without a disclaimer,≤100
678954262167350,Discover China,These ads ran without a disclaimer,≤100
109385651948780,Youth Power Hub,These ads ran without a disclaimer,≤100
101835672253297,Christiana james motivation,These ads ran without a disclaimer,≤100
684480475094920,Discover Inner Mongolia,These ads ran without a disclaimer,≤100
107250819027508,emorenolopes,These ads ran without a disclaimer,≤100
185139171667,Daymond John,These ads ran without a disclaimer,≤100
108946308560898,Mong to Vu dep170886,These ads ran without a disclaimer,≤100
239982637475,Independent Evaluation Group (IEG),These ads ran without a disclaimer,≤100
100374392742057,Weregreenly- Magazine,These ads ran without a disclaimer,≤100
405199520209766,The Belt and Road News Network,These ads ran without a disclaimer,≤100
104146998927371,Penttinali,These ads ran without a disclaimer,≤100
89529786318,Elizabeth Glaser Pediatric AIDS Foundation,These ads ran without a disclaimer,≤100
571497602983723,Milton Paiva,These ads ran without a disclaimer,≤100
107953199261156,ifaw,These ads ran without a disclaimer,≤100
2092924957605425,Solis,These ads ran without a disclaimer,≤100
29056789480,Project Syndicate,These ads ran without a disclaimer,≤100
289397611132,Working Ranch Magazine,These ads ran without a disclaimer,≤100
101190992007863,BizInsight with Guan Xin,These ads ran without a disclaimer,≤100
104119542473088,Kylin Studio,These ads ran without a disclaimer,≤100
101368689303795,New China Research,These ads ran without a disclaimer,≤100
102718251506813,CGTN China24,These ads ran without a disclaimer,≤100
1133794223348221,World Gastroenterology Organisation,These ads ran without a disclaimer,≤100
109197151930600,My Clean Energy,These ads ran without a disclaimer,≤100
101485672752513,Rapid Medical Laboratory And Diagnostic Center,These ads ran without a disclaimer,≤100
141629189044869,Felipe Kosaka,These ads ran without a disclaimer,≤100
174198572760601,Pan-African Human Rights Defenders Network,These ads ran without a disclaimer,≤100
101321076075048,Nouvelle Aube - Yeni Şafak Français,These ads ran without a disclaimer,≤100
430258463820053,International School of Ministry with Pastor Chris,These ads ran without a disclaimer,≤100
100994765608411,INN WORD Revival Now,These ads ran without a disclaimer,≤100
109096360620199,NWprofessionaltraders,These ads ran without a disclaimer,≤100
118724814882454,CPLP - Comunidade dos Países de Língua Portuguesa,These ads ran without a disclaimer,≤100
380712502382003,Dr Charles Sinkala,These ads ran without a disclaimer,≤100
100103129591205,Sahi Ram Siddha,These ads ran without a disclaimer,≤100
101444475520616,Radio EuroPub,These ads ran without a disclaimer,≤100
100172476278127,Easy Study,These ads ran without a disclaimer,≤100
220832481274508,Premier League,These ads ran without a disclaimer,≤100
104142782419349,Manifeste Abundância,These ads ran without a disclaimer,≤100
1039675682714205,스브스뉴스,These ads ran without a disclaimer,≤100
1931310293779356,Guardian Glass Middle East & Africa,These ads ran without a disclaimer,≤100
102043099316412,Pas les Zouorganes,These ads ran without a disclaimer,≤100
31292782350,Deutschland.de,These ads ran without a disclaimer,≤100
121255219270912,أفضل ألعاب الحرب العربية لعام 2022,These ads ran without a disclaimer,≤100
103569128480791,FRESAN,These ads ran without a disclaimer,≤100
102386009265966,Aline Antunes,These ads ran without a disclaimer,≤100
105156988681734,Naija Breaking News,These ads ran without a disclaimer,≤100
130369030334301,KidsRights,These ads ran without a disclaimer,≤100
108517061879457,LosslessSecurity,These ads ran without a disclaimer,≤100
102917937865570,fatima_bayqi,These ads ran without a disclaimer,≤100
101901762911269,Miss Spinner 2023,These ads ran without a disclaimer,≤100
103085551939722,Loabowa,These ads ran without a disclaimer,≤100
1435831549996415,Dra. Beatriz Tupinambá,These ads ran without a disclaimer,≤100
108830810612437,Poder do Útero -  kelly wolanin,These ads ran without a disclaimer,≤100
101584952237158,Fer Barcelar,These ads ran without a disclaimer,≤100
109107691999308,Vopifa,These ads ran without a disclaimer,≤100
175889425769412,BAR-TEK Motorsport,These ads ran without a disclaimer,≤100
107095178842619,kleisy_ferreira_de_pina,These ads ran without a disclaimer,≤100
110839298285111,Portal Mel Cajuina,These ads ran without a disclaimer,≤100
116310878056949,Mandy Wong Chatgpt,These ads ran without a disclaimer,≤100
176031462779495,海峽導報,These ads ran without a disclaimer,≤100
36922302396,Nokia,These ads ran without a disclaimer,≤100
103018419782973,ITU,These ads ran without a disclaimer,≤100
104384327999356,Lazie Indie,These ads ran without a disclaimer,≤100
2904975949728291,Catarina Taborda,These ads ran without a disclaimer,≤100
1256690557709650,Wholesale A4 Copy Papers - Buy Cheap A4 Copy Papers,These ads ran without a disclaimer,≤100
107173698926440,Rindiendo en casa,These ads ran without a disclaimer,≤100
194953000528458,Global Campus of Human Rights,These ads ran without a disclaimer,≤100
109452985104987,Officialjombo1,These ads ran without a disclaimer,≤100
147617885091272,Sana khan,These ads ran without a disclaimer,≤100
456346654766111,CCV Advogados,These ads ran without a disclaimer,≤100
131189377574,MDPI,These ads ran without a disclaimer,≤100
100602915032991,Pedro Tadeu,These ads ran without a disclaimer,≤100
589455821202552,Umbangu Espaço Cultural Virtual de Ação Decolonial,These ads ran without a disclaimer,≤100
104182388846502,jessicagasparoficial,These ads ran without a disclaimer,≤100
105871671237099,Writers Space Africa-Lesotho,These ads ran without a disclaimer,≤100
2371071496554597,La Vérité,These ads ran without a disclaimer,≤100
1670459499903765,Sunny Bunny Solar,These ads ran without a disclaimer,≤100
106614631788380,Kitco Mining,These ads ran without a disclaimer,≤100
1252316924895378,Instituto Poimênica,These ads ran without a disclaimer,≤100
100874694997568,Stop The B,These ads ran without a disclaimer,≤100
1717497868504337,Truth and Moments,These ads ran without a disclaimer,≤100
101837288924546,Muslimi,These ads ran without a disclaimer,≤100
117621581593054,TV5MONDE Afrique,These ads ran without a disclaimer,≤100
109185734719958,"Livraria Lóthus, Lda",These ads ran without a disclaimer,≤100
317463093373,The Akshaya Patra Foundation,These ads ran without a disclaimer,≤100
101513541203429,Pranary,These ads ran without a disclaimer,≤100
312898778847834,TERRAM PACIS,These ads ran without a disclaimer,≤100
105477515319992,verybookishzarri,These ads ran without a disclaimer,≤100
375748343128847,Bevvy Multimedia Tv,These ads ran without a disclaimer,≤100
192092260811678,ALCircle,These ads ran without a disclaimer,≤100
112855575162016,Amanda A.,These ads ran without a disclaimer,≤100
107419398838282,Global Digital Inclusion Partnership,These ads ran without a disclaimer,≤100
101080731878586,ICEJ Em Portugues,These ads ran without a disclaimer,≤100
102462685866079,Bladymaniac,These ads ran without a disclaimer,≤100
1908125556089705,Lewis Pugh Foundation,These ads ran without a disclaimer,≤100
101710006228003,Protegendo Meus Filhos,These ads ran without a disclaimer,≤100
957399140982204,Stories of Beijing,These ads ran without a disclaimer,≤100
1500622100171461,Bolivar FM 99.4 MAMOU,These ads ran without a disclaimer,≤100
161526514797293,Radio Vertières,These ads ran without a disclaimer,≤100
105764302580134,Loren Marques,These ads ran without a disclaimer,≤100
173091762749108,월드프렌즈코리아,These ads ran without a disclaimer,≤100
1441536586167920,Sandra Horta,These ads ran without a disclaimer,≤100
1592184267758930,Round-Table,These ads ran without a disclaimer,≤100
226495524759910,Quimicando Com o Prof. Rudimar,These ads ran without a disclaimer,≤100
108638530774038,Secretaria de Estado das Comunidades da Guiné-Bissau,These ads ran without a disclaimer,≤100
113876544923745,Charles Ojobor,These ads ran without a disclaimer,≤100
104929198579247,O escobar Pro,These ads ran without a disclaimer,≤100
102939915775438,Online Immigration Guidez,These ads ran without a disclaimer,≤100
363388004312003,STAEDTLERinst,These ads ran without a disclaimer,≤100
120223804387904,dailypositivityboost,These ads ran without a disclaimer,≤100
100350992961465,Peter obi,These ads ran without a disclaimer,≤100
112221226917224,RPS,These ads ran without a disclaimer,≤100
112198031675079,folhavero,These ads ran without a disclaimer,≤100
108909861879005,César Chiyaya I,These ads ran without a disclaimer,≤100
101981918812659,Sindjus,These ads ran without a disclaimer,≤100
103575704724369,Adjanira Sampaio,These ads ran without a disclaimer,≤100
105405892275345,Sandra Costa,These ads ran without a disclaimer,≤100
102236795861091,Kingsboss Tv,These ads ran without a disclaimer,≤100
1174024365982168,Howard的家居好物推荐,These ads ran without a disclaimer,≤100
102209802680420,Anna Carolina,These ads ran without a disclaimer,≤100
110861658082667,Planet One,These ads ran without a disclaimer,≤100
382087005493477,Oceano Azul Foundation,These ads ran without a disclaimer,≤100
102369912696743,a_ilha_da_historia,These ads ran without a disclaimer,≤100
1914748762150141,R-Kuzy TV,These ads ran without a disclaimer,≤100
2309448245771586,Global Center on Adaptation,These ads ran without a disclaimer,≤100
106538358654384,dimzi.co,These ads ran without a disclaimer,≤100
161665000537800,Global Water Partnership,These ads ran without a disclaimer,≤100
358481724165689,UTS International Students,These ads ran without a disclaimer,≤100
109011622471498,Office of the Premier - North West Province - South Africa,These ads ran without a disclaimer,≤100
105885535599394,Coach Cecil,These ads ran without a disclaimer,≤100
634744666998112,Social Talks with M,These ads ran without a disclaimer,≤100
152000511496023,UBC Sauder School of Business,These ads ran without a disclaimer,≤100
435761629822155,Commonwealth Foundation,These ads ran without a disclaimer,≤100
2117619584987620,ECOWAS Bank for Investment and Development - EBID,These ads ran without a disclaimer,≤100
105712015594786,Diego Andrade,These ads ran without a disclaimer,≤100
188542304337159,João Carlos F,These ads ran without a disclaimer,≤100
1352874084790500,Fresenius Kabi,These ads ran without a disclaimer,≤100
158820864253198,Mario Sergio Cortella,These ads ran without a disclaimer,≤100
111622410196045,State of Youth,These ads ran without a disclaimer,≤100
284001388441902,The Frustrated Engineer,These ads ran without a disclaimer,≤100
111368485253350,Mundo Verde,These ads ran without a disclaimer,≤100
715493145148880,O Viajante das Estrelas,These ads ran without a disclaimer,≤100
107820668831122,Bugetare participativă în județul Vrancea,These ads ran without a disclaimer,≤100
274400273295605,Programa Papo de Bola,These ads ran without a disclaimer,≤100
224597158386607,Rosa Luxemburg Foundation,These ads ran without a disclaimer,≤100
112298561809645,Sombla,These ads ran without a disclaimer,≤100
402052193189194,Siemens,These ads ran without a disclaimer,≤100
106684228815847,Africa's Green Economy Summit,These ads ran without a disclaimer,≤100
10750083165,The Africa Report,These ads ran without a disclaimer,≤100
293937480708088,Clement Hii,These ads ran without a disclaimer,≤100
103436444936743,thevirtualsundaybookclub,These ads ran without a disclaimer,≤100
103741594467315,Mission Irie,These ads ran without a disclaimer,≤100
110923691790635,CQI Helpline,These ads ran without a disclaimer,≤100
483106561800880,Paginário,These ads ran without a disclaimer,≤100
114006632574197,Gabriel Merlin Assessoria Esportiva,These ads ran without a disclaimer,≤100
112385564814294,aloklubacademy_br,These ads ran without a disclaimer,≤100
1579979498952205,Better Shelter,These ads ran without a disclaimer,≤100
104501371762675,cientistas.legais,These ads ran without a disclaimer,≤100
110361148682520,Marli Almeida Ferreira,These ads ran without a disclaimer,≤100
393020820825898,EnfConcursos,These ads ran without a disclaimer,≤100
940913602770770,ISSO,These ads ran without a disclaimer,≤100
103590738209058,Maria Clara,These ads ran without a disclaimer,≤100
103554674477173,World Engineering Day,These ads ran without a disclaimer,≤100
309597192497421,Nehemiah Network,These ads ran without a disclaimer,≤100
1675249539361514,Seres Associação,These ads ran without a disclaimer,≤100
1515909005308067,"Discover Nanjing, China",These ads ran without a disclaimer,≤100
105443772298404,"E aí, China",These ads ran without a disclaimer,≤100
103423415866044,2322322322,These ads ran without a disclaimer,≤100
103262481273356,ADNAFRICA,These ads ran without a disclaimer,≤100
287842647957979,EU International Partnerships,These ads ran without a disclaimer,≤100
447879208736980,Arteleia - Produção de Conteúdos Literários,These ads ran without a disclaimer,≤100
275707232525206,Mosaiko,These ads ran without a disclaimer,≤100
133497463390598,Telugu Filmnagar,These ads ran without a disclaimer,≤100
1726517690956007,CLAL.it Agrifood,These ads ran without a disclaimer,≤100
77779328853,Islamic Relief South Africa,These ads ran without a disclaimer,≤100
102326065956085,Pop Aircraft,These ads ran without a disclaimer,≤100
1429130057407968,Apostle Elijah Olopade,These ads ran without a disclaimer,≤100
106786598824719,歷史趣談,These ads ran without a disclaimer,≤100
208338536239798,This Is Beijing,These ads ran without a disclaimer,≤100
109144138435487,robson.brandaoo,These ads ran without a disclaimer,≤100
260918787989896,Blower whistle Biafra,These ads ran without a disclaimer,≤100
101529422826181,Archwey for The Ocean Race,These ads ran without a disclaimer,≤100
405379246524515,DHL Express,These ads ran without a disclaimer,≤100
835080653179071,Fique Sabendo,These ads ran without a disclaimer,≤100
303201050433701,Bert Jr.,These ads ran without a disclaimer,≤100
108168278262981,Energy Connects,These ads ran without a disclaimer,≤100
109181011928509,Vivian Nwakaego Onuigbo,These ads ran without a disclaimer,≤100
110980888642151,Twibbon April,These ads ran without a disclaimer,≤100
103870515726436,Hypatia Gender justice هيباتيا للعدالة الجندرية,These ads ran without a disclaimer,≤100
844386315584131,Volvo Construction Equipment,These ads ran without a disclaimer,≤100
102851132268590,iGotaQuestion,These ads ran without a disclaimer,≤100
109678258584943,Mama p comedy,These ads ran without a disclaimer,≤100